scenario;month;new;adds;churn;active;live;setup_bill;sub_bill;billed;receipts;fixed;impl_cost;service_cost;tax;commission;outflow;net;cumulative;recurring_result;impl_hours;care_hours
Conservador;1;0;0;0;0;0;0.0;0;0.0;0.0;38000;0.0;0;0.0;0.0;38000.0;-38000.0;-212000.0;-38000.0;0.0;0
Conservador;2;0;0;0;0;0;0.0;0;0.0;0.0;38000;0.0;0;0.0;0.0;38000.0;-38000.0;-250000.0;-38000.0;0.0;0
Conservador;3;0;0;0;0;0;0.0;0;0.0;0.0;38000;0.0;0;0.0;0.0;38000.0;-38000.0;-288000.0;-38000.0;0.0;0
Conservador;4;0;0;0;0;0;0.0;0;0.0;0.0;38000;0.0;0;0.0;0.0;38000.0;-38000.0;-326000.0;-38000.0;0.0;0
Conservador;5;0;0;0;0;0;0.0;0;0.0;0.0;38000;0.0;0;0.0;0.0;38000.0;-38000.0;-364000.0;-38000.0;0.0;0
Conservador;6;1;0;0;0;0;18000.0;0;18000.0;18000.0;38000;9000.0;0;1440.0;900.0;49340.0;-31340.0;-395340.0;-38000.0;60.0;0
Conservador;7;0;0;0;0;0;18000.0;0;18000.0;18000.0;54000;9000.0;0;1440.0;900.0;65340.0;-47340.0;-442680.0;-54000.0;60.0;0
Conservador;8;0;1;0;1;0;0.0;7500;7500.0;0.0;54000;0.0;1500;600.0;0.0;56100.0;-56100.0;-498780.0;-48975.0;0.0;6
Conservador;9;0;0;0;1;0;0.0;7500;7500.0;7500.0;54000;0.0;1500;600.0;375.0;56475.0;-48975.0;-547755.0;-48975.0;0.0;6
Conservador;10;1;0;0;1;0;18000.0;7500;25500.0;25500.0;54000;9000.0;1500;2040.0;1275.0;67815.0;-42315.0;-590070.0;-48975.0;60.0;6
Conservador;11;0;0;0;1;0;18000.0;7500;25500.0;25500.0;54000;9000.0;1500;2040.0;1275.0;67815.0;-42315.0;-632385.0;-48975.0;60.0;6
Conservador;12;0;0;0;1;0;0.0;7500;7500.0;7500.0;54000;0.0;1500;600.0;375.0;56475.0;-48975.0;-681360.0;-48975.0;0.0;6
Conservador;13;0;0;0;1;0;0.0;7500;7500.0;7500.0;66000;0.0;1500;600.0;375.0;68475.0;-60975.0;-742335.0;-60975.0;0.0;6
Conservador;14;1;0;0;1;0;18000.0;7500;25500.0;25500.0;66000;9000.0;1500;2040.0;1275.0;79815.0;-54315.0;-796650.0;-60975.0;60.0;6
Conservador;15;0;0;0;1;0;18000.0;7500;25500.0;25500.0;66000;9000.0;1500;2040.0;1275.0;79815.0;-54315.0;-850965.0;-60975.0;60.0;6
Conservador;16;0;1;0;2;0;0.0;15000;15000.0;7500.0;66000;0.0;3000;1200.0;375.0;70575.0;-63075.0;-914040.0;-55950.0;0.0;12
Conservador;17;0;0;0;2;0;0.0;15000;15000.0;15000.0;66000;0.0;3000;1200.0;750.0;70950.0;-55950.0;-969990.0;-55950.0;0.0;12
Conservador;18;1;0;1;1;0;18000.0;7500;25500.0;33000.0;66000;9000.0;1500;2040.0;1650.0;80190.0;-47190.0;-1017180.0;-60975.0;60.0;6
Conservador;19;0;0;0;1;0;18000.0;7500;25500.0;25500.0;66000;9000.0;1500;2040.0;1275.0;79815.0;-54315.0;-1071495.0;-60975.0;60.0;6
Conservador;20;0;0;0;1;0;0.0;7500;7500.0;7500.0;66000;0.0;1500;600.0;375.0;68475.0;-60975.0;-1132470.0;-60975.0;0.0;6
Conservador;21;0;0;0;1;0;0.0;7500;7500.0;7500.0;66000;0.0;1500;600.0;375.0;68475.0;-60975.0;-1193445.0;-60975.0;0.0;6
Conservador;22;1;0;0;1;0;18000.0;7500;25500.0;25500.0;66000;9000.0;1500;2040.0;1275.0;79815.0;-54315.0;-1247760.0;-60975.0;60.0;6
Conservador;23;0;0;0;1;0;18000.0;7500;25500.0;25500.0;66000;9000.0;1500;2040.0;1275.0;79815.0;-54315.0;-1302075.0;-60975.0;60.0;6
Conservador;24;0;1;0;2;0;0.0;15000;15000.0;7500.0;66000;0.0;3000;1200.0;375.0;70575.0;-63075.0;-1365150.0;-55950.0;0.0;12
Base;1;0;0;0;0;0;0.0;0;0.0;0.0;38000;0.0;0;0.0;0.0;38000.0;-38000.0;-212000.0;-38000.0;0.0;0
Base;2;0;0;0;0;0;0.0;0;0.0;0.0;38000;0.0;0;0.0;0.0;38000.0;-38000.0;-250000.0;-38000.0;0.0;0
Base;3;0;0;0;0;0;0.0;0;0.0;0.0;38000;0.0;0;0.0;0.0;38000.0;-38000.0;-288000.0;-38000.0;0.0;0
Base;4;1;0;0;0;0;18000.0;0;18000.0;18000.0;38000;9000.0;0;1440.0;900.0;49340.0;-31340.0;-319340.0;-38000.0;60.0;0
Base;5;1;0;0;0;0;36000.0;0;36000.0;36000.0;38000;18000.0;0;2880.0;1800.0;60680.0;-24680.0;-344020.0;-38000.0;120.0;0
Base;6;0;1;0;1;0;18000.0;7500;25500.0;18000.0;38000;9000.0;1500;2040.0;900.0;51440.0;-33440.0;-377460.0;-32975.0;60.0;6
Base;7;1;1;0;2;0;18000.0;15000;33000.0;25500.0;54000;9000.0;3000;2640.0;1275.0;69915.0;-44415.0;-421875.0;-43950.0;60.0;12
Base;8;1;0;0;2;0;36000.0;15000;51000.0;51000.0;54000;18000.0;3000;4080.0;2550.0;81630.0;-30630.0;-452505.0;-43950.0;120.0;12
Base;9;0;0;0;2;0;18000.0;15000;33000.0;33000.0;54000;9000.0;3000;2640.0;1650.0;70290.0;-37290.0;-489795.0;-43950.0;60.0;12
Base;10;1;1;0;3;0;18000.0;22500;40500.0;33000.0;54000;9000.0;4500;3240.0;1650.0;72390.0;-39390.0;-529185.0;-38925.0;60.0;18
Base;11;1;0;0;3;0;36000.0;22500;58500.0;58500.0;54000;18000.0;4500;4680.0;2925.0;84105.0;-25605.0;-554790.0;-38925.0;120.0;18
Base;12;0;1;0;4;0;18000.0;30000;48000.0;40500.0;54000;9000.0;6000;3840.0;2025.0;74865.0;-34365.0;-589155.0;-33900.0;60.0;24
Base;13;1;1;0;5;1;18000.0;42000;60000.0;48000.0;66000;9000.0;8500;4800.0;2400.0;90700.0;-42700.0;-631855.0;-37960.0;60.0;34
Base;14;1;0;0;5;1;36000.0;42000;78000.0;78000.0;66000;18000.0;8500;6240.0;3900.0;102640.0;-24640.0;-656495.0;-37960.0;120.0;34
Base;15;1;1;0;6;1;36000.0;49500;85500.0;78000.0;66000;18000.0;10000;6840.0;3900.0;104740.0;-26740.0;-683235.0;-32935.0;120.0;40
Base;16;1;1;0;7;1;36000.0;57000;93000.0;85500.0;66000;18000.0;11500;7440.0;4275.0;107215.0;-21715.0;-704950.0;-27910.0;120.0;46
Base;17;1;1;0;8;1;36000.0;64500;100500.0;93000.0;66000;18000.0;13000;8040.0;4650.0;109690.0;-16690.0;-721640.0;-22885.0;120.0;52
Base;18;1;1;1;8;1;36000.0;64500;100500.0;100500.0;66000;18000.0;13000;8040.0;5025.0;110065.0;-9565.0;-731205.0;-22885.0;120.0;52
Base;19;0;1;0;9;1;18000.0;72000;90000.0;82500.0;66000;9000.0;14500;7200.0;4125.0;100825.0;-18325.0;-749530.0;-17860.0;60.0;58
Base;20;1;1;0;10;2;18000.0;84000;102000.0;90000.0;66000;9000.0;17000;8160.0;4500.0;104660.0;-14660.0;-764190.0;-9920.0;60.0;68
Base;21;1;0;0;10;2;36000.0;84000;120000.0;120000.0;66000;18000.0;17000;9600.0;6000.0;116600.0;3400.0;-760790.0;-9920.0;120.0;68
Base;22;1;1;0;11;2;36000.0;91500;127500.0;120000.0;66000;18000.0;18500;10200.0;6000.0;118700.0;1300.0;-759490.0;-4895.0;120.0;74
Base;23;0;1;1;11;2;18000.0;91500;109500.0;109500.0;66000;9000.0;18500;8760.0;5475.0;107735.0;1765.0;-757725.0;-4895.0;60.0;74
Base;24;0;1;0;12;2;0.0;99000;99000.0;91500.0;66000;0.0;20000;7920.0;4575.0;98495.0;-6995.0;-764720.0;130.0;0.0;80
Expansao;1;0;0;0;0;0;0.0;0;0.0;0.0;38000;0.0;0;0.0;0.0;38000.0;-38000.0;-212000.0;-38000.0;0.0;0
Expansao;2;0;0;0;0;0;0.0;0;0.0;0.0;38000;0.0;0;0.0;0.0;38000.0;-38000.0;-250000.0;-38000.0;0.0;0
Expansao;3;0;0;0;0;0;0.0;0;0.0;0.0;38000;0.0;0;0.0;0.0;38000.0;-38000.0;-288000.0;-38000.0;0.0;0
Expansao;4;1;0;0;0;0;18000.0;0;18000.0;18000.0;38000;9000.0;0;1440.0;900.0;49340.0;-31340.0;-319340.0;-38000.0;60.0;0
Expansao;5;1;0;0;0;0;36000.0;0;36000.0;36000.0;38000;18000.0;0;2880.0;1800.0;60680.0;-24680.0;-344020.0;-38000.0;120.0;0
Expansao;6;1;1;0;1;0;36000.0;7500;43500.0;36000.0;38000;18000.0;1500;3480.0;1800.0;62780.0;-26780.0;-370800.0;-32975.0;120.0;6
Expansao;7;1;1;0;2;0;36000.0;15000;51000.0;43500.0;54000;18000.0;3000;4080.0;2175.0;81255.0;-37755.0;-408555.0;-43950.0;120.0;12
Expansao;8;1;0;0;2;0;36000.0;15000;51000.0;51000.0;54000;18000.0;3000;4080.0;2550.0;81630.0;-30630.0;-439185.0;-43950.0;120.0;12
Expansao;9;1;1;0;3;1;36000.0;27000;63000.0;51000.0;54000;18000.0;5500;5040.0;2550.0;85090.0;-34090.0;-473275.0;-36010.0;120.0;22
Expansao;10;1;1;0;4;1;36000.0;34500;70500.0;63000.0;54000;18000.0;7000;5640.0;3150.0;87790.0;-24790.0;-498065.0;-30985.0;120.0;28
Expansao;11;1;1;0;5;2;36000.0;46500;82500.0;70500.0;54000;18000.0;9500;6600.0;3525.0;91625.0;-21125.0;-519190.0;-23045.0;120.0;38
Expansao;12;1;1;0;6;2;36000.0;54000;90000.0;82500.0;54000;18000.0;11000;7200.0;4125.0;94325.0;-11825.0;-531015.0;-18020.0;120.0;44
Expansao;13;1;1;0;7;2;36000.0;61500;97500.0;90000.0;66000;18000.0;12500;7800.0;4500.0;108800.0;-18800.0;-549815.0;-24995.0;120.0;50
Expansao;14;1;1;0;8;3;36000.0;73500;109500.0;97500.0;66000;18000.0;15000;8760.0;4875.0;112635.0;-15135.0;-564950.0;-17055.0;120.0;60
Expansao;15;1;1;0;9;3;36000.0;81000;117000.0;109500.0;66000;18000.0;16500;9360.0;5475.0;115335.0;-5835.0;-570785.0;-12030.0;120.0;66
Expansao;16;1;0;0;9;3;36000.0;81000;117000.0;117000.0;66000;18000.0;16500;9360.0;5850.0;115710.0;1290.0;-569495.0;-12030.0;120.0;66
Expansao;17;1;1;0;10;4;36000.0;93000;129000.0;117000.0;66000;18000.0;19000;10320.0;5850.0;119170.0;-2170.0;-571665.0;-4090.0;120.0;76
Expansao;18;1;1;0;11;4;36000.0;100500;136500.0;129000.0;66000;18000.0;20500;10920.0;6450.0;121870.0;7130.0;-564535.0;935.0;120.0;82
Expansao;19;1;1;0;12;4;36000.0;108000;144000.0;136500.0;66000;18000.0;22000;11520.0;6825.0;124345.0;12155.0;-552380.0;5960.0;120.0;88
Expansao;20;1;1;1;12;4;36000.0;108000;144000.0;144000.0;66000;18000.0;22000;11520.0;7200.0;124720.0;19280.0;-533100.0;5960.0;120.0;88
Expansao;21;1;1;0;13;5;36000.0;120000;156000.0;144000.0;66000;18000.0;24500;12480.0;7200.0;128180.0;15820.0;-517280.0;13900.0;120.0;98
Expansao;22;1;1;0;14;5;36000.0;127500;163500.0;156000.0;66000;18000.0;26000;13080.0;7800.0;130880.0;25120.0;-492160.0;18925.0;120.0;104
Expansao;23;1;1;0;15;6;36000.0;139500;175500.0;163500.0;66000;18000.0;28500;14040.0;8175.0;134715.0;28785.0;-463375.0;26865.0;120.0;114
Expansao;24;1;1;0;16;6;36000.0;147000;183000.0;175500.0;66000;18000.0;30000;14640.0;8775.0;137415.0;38085.0;-425290.0;31890.0;120.0;120
