scenario;assumptionStatus;month;orders;mapProjects;contentClients;codeProjects;careClients;careActivations;qualifiedVisits;shopGrossUSD;shopGrossBRL;refundsBRL;recognizedShopBRL;platformBRL;shopSettlementBRL;shopReceiptsBRL;taxShopBRL;paymentFXReserveBRL;acquisitionBRL;supportBRL;shopContributionBRL;mapHours;mapBillBRL;mapReceiptsBRL;mapDirectBRL;mapTaxBRL;mapCommercialBRL;mapCommercialAccrualBRL;mapContributionBRL;contentHours;contentBillBRL;contentReceiptsBRL;contentDirectBRL;contentTaxBRL;contentCommercialBRL;contentToolsBRL;contentContributionBRL;codeHours;codeBillBRL;codeReceiptsBRL;codeDirectBRL;codeTaxBRL;codeCommercialBRL;codeToolsBRL;codeContributionBRL;careHours;careBillBRL;careReceiptsBRL;careDirectBRL;careTaxBRL;careCommercialBRL;careToolsBRL;careContributionBRL;setupHours;setupBillBRL;setupReceiptsBRL;setupDirectBRL;setupTaxBRL;setupCommercialBRL;setupToolsBRL;setupContributionBRL;directHours;fteEquivalent;fixedBRL;grossSalesBRL;recognizedRevenueBRL;contributionBRL;receiptsBRL;outflowBRL;netCashBRL;cumulativeCashBRL;operatingResultBRL;receivablesBRL;paybackEligibleMonth;balance200kBRL
conservador;"Hipótese; não pipeline";1;0;0;0;0;0;0;0;0,00;0,00;0,00;0,00;0,00;0,00;0,00;0,00;0,00;0,00;0,00;0,00;0;0,00;0,00;0,00;0,00;0,00;0,00;0,00;0,0;0,00;0,00;0,00;0,00;0,00;0,00;0,00;0,0;0,00;0,00;0,00;0,00;0,00;0,00;0,00;0,0;0,00;0,00;0,00;0,00;0,00;0,00;0,00;0,0;0,00;0,00;0,00;0,00;0,00;0,00;0,00;0,0;0,0;37000,00;0,00;0,00;0,00;0,00;37000,00;-37000,00;-137000,00;-37000,00;0,00;999;63000,00
conservador;"Hipótese; não pipeline";2;0;0;0;0;0;0;0;0,00;0,00;0,00;0,00;0,00;0,00;0,00;0,00;0,00;0,00;0,00;0,00;0;0,00;0,00;0,00;0,00;0,00;0,00;0,00;0,0;0,00;0,00;0,00;0,00;0,00;0,00;0,00;0,0;0,00;0,00;0,00;0,00;0,00;0,00;0,00;0,0;0,00;0,00;0,00;0,00;0,00;0,00;0,00;0,0;0,00;0,00;0,00;0,00;0,00;0,00;0,00;0,0;0,0;37000,00;0,00;0,00;0,00;0,00;37000,00;-37000,00;-174000,00;-37000,00;0,00;999;26000,00
conservador;"Hipótese; não pipeline";3;20;0;0;0;0;0;1000;580,00;2900,00;232,00;2668,00;356,13;2311,87;0,00;400,20;80,04;1000,00;100,00;731,63;0;0,00;0,00;0,00;0,00;0,00;0,00;0,00;0,0;0,00;0,00;0,00;0,00;0,00;0,00;0,00;0,0;0,00;0,00;0,00;0,00;0,00;0,00;0,00;0,0;0,00;0,00;0,00;0,00;0,00;0,00;0,00;0,0;0,00;0,00;0,00;0,00;0,00;0,00;0,00;0,0;0,0;37000,00;2900,00;2668,00;731,63;0,00;38580,24;-38580,24;-212580,24;-36268,37;2311,87;999;-12580,24
conservador;"Hipótese; não pipeline";4;40;0;0;0;0;0;2000;1160,00;5800,00;464,00;5336,00;712,26;4623,74;2311,87;800,40;160,08;2000,00;200,00;1463,26;0;0,00;0,00;0,00;0,00;0,00;0,00;0,00;0,0;0,00;0,00;0,00;0,00;0,00;0,00;0,00;0,0;0,00;0,00;0,00;0,00;0,00;0,00;0,00;0,0;0,00;0,00;0,00;0,00;0,00;0,00;0,00;0,0;0,00;0,00;0,00;0,00;0,00;0,00;0,00;0,0;0,0;37000,00;5800,00;5336,00;1463,26;2311,87;40160,48;-37848,61;-250428,85;-35536,74;4623,74;999;-50428,85
conservador;"Hipótese; não pipeline";5;80;1;1;0;0;0;4000;2320,00;11600,00;928,00;10672,00;1424,53;9247,47;4623,74;1600,80;320,16;4000,00;400,00;2926,51;80;30000,00;15000,00;14400,00;4500,00;750,00;1500,00;9600,00;12,0;4500,00;4500,00;1440,00;675,00;225,00;160,00;2000,00;0,0;0,00;0,00;0,00;0,00;0,00;0,00;0,00;0,0;0,00;0,00;0,00;0,00;0,00;0,00;0,00;0,0;0,00;0,00;0,00;0,00;0,00;0,00;0,00;92,0;0,575;37000,00;46100,00;45172,00;14526,51;24123,74;65470,96;-41347,22;-291776,07;-22473,49;24247,47;999;-91776,07
conservador;"Hipótese; não pipeline";6;120;0;1;1;0;0;6000;3480,00;17400,00;1392,00;16008,00;2136,79;13871,21;9247,47;2401,20;480,24;6000,00;600,00;4389,77;0;0,00;15000,00;0,00;0,00;750,00;0,00;0,00;12,0;4500,00;4500,00;1440,00;675,00;225,00;160,00;2000,00;40,0;18000,00;9000,00;7200,00;2700,00;900,00;600,00;6600,00;0,0;0,00;0,00;0,00;0,00;0,00;0,00;0,00;0,0;0,00;0,00;0,00;0,00;0,00;0,00;0,00;52,0;0,325;37000,00;39900,00;38508,00;12989,77;37747,47;61131,44;-23383,97;-315160,04;-24010,23;22871,21;999;-115160,04
conservador;"Hipótese; não pipeline";7;180;0;1;0;1;1;9000;5220,00;26100,00;2088,00;24012,00;3205,19;20806,81;13871,21;3601,80;720,36;9000,00;900,00;6584,65;0;0,00;0,00;0,00;0,00;0,00;0,00;0,00;12,0;4500,00;4500,00;1440,00;675,00;225,00;160,00;2000,00;0,0;0,00;9000,00;0,00;0,00;0,00;0,00;0,00;8,0;3500,00;3500,00;960,00;525,00;175,00;210,00;1630,00;20,0;6000,00;6000,00;3600,00;900,00;300,00;200,00;1000,00;40,0;0,25;37000,00;40100,00;38012,00;11214,65;36871,21;60592,16;-23720,95;-338880,99;-25785,35;20806,81;999;-138880,99
conservador;"Hipótese; não pipeline";8;250;0;1;0;1;0;12500;7250,00;36250,00;2900,00;33350,00;4451,65;28898,35;20806,81;5002,50;1000,50;12500,00;1250,00;9145,35;0;0,00;0,00;0,00;0,00;0,00;0,00;0,00;12,0;4500,00;4500,00;1440,00;675,00;225,00;160,00;2000,00;0,0;0,00;0,00;0,00;0,00;0,00;0,00;0,00;8,0;3500,00;3500,00;960,00;525,00;175,00;210,00;1630,00;0,0;0,00;0,00;0,00;0,00;0,00;0,00;0,00;20,0;0,125;37000,00;44250,00;41350,00;12775,35;28806,81;61123,00;-32316,19;-371197,18;-24224,65;28898,35;999;-171197,18
conservador;"Hipótese; não pipeline";9;300;1;2;1;1;0;15000;8700,00;43500,00;3480,00;40020,00;5341,98;34678,02;28898,35;6003,00;1200,60;15000,00;1500,00;10974,42;80;30000,00;15000,00;14400,00;4500,00;750,00;1500,00;9600,00;24,0;9000,00;9000,00;2880,00;1350,00;450,00;320,00;4000,00;40,0;18000,00;9000,00;7200,00;2700,00;900,00;600,00;6600,00;8,0;3500,00;3500,00;960,00;525,00;175,00;210,00;1630,00;0,0;0,00;0,00;0,00;0,00;0,00;0,00;0,00;152,0;0,95;37000,00;104000,00;100520,00;32804,42;65398,35;98623,60;-33225,25;-404422,43;-4195,58;58678,02;999;-204422,43
conservador;"Hipótese; não pipeline";10;350;0;2;0;1;0;17500;10150,00;50750,00;4060,00;46690,00;6232,31;40457,69;34678,02;7003,50;1400,70;17500,00;1750,00;12803,49;0;0,00;15000,00;0,00;0,00;750,00;0,00;0,00;24,0;9000,00;9000,00;2880,00;1350,00;450,00;320,00;4000,00;0,0;0,00;9000,00;0,00;0,00;0,00;0,00;0,00;8,0;3500,00;3500,00;960,00;525,00;175,00;210,00;1630,00;0,0;0,00;0,00;0,00;0,00;0,00;0,00;0,00;32,0;0,2;37000,00;63250,00;59190,00;18433,49;71178,02;72274,20;-1096,18;-405518,61;-18566,51;40457,69;999;-205518,61
conservador;"Hipótese; não pipeline";11;400;0;2;0;1;0;20000;11600,00;58000,00;4640,00;53360,00;7122,64;46237,36;40457,69;8004,00;1600,80;20000,00;2000,00;14632,56;0;0,00;0,00;0,00;0,00;0,00;0,00;0,00;24,0;9000,00;9000,00;2880,00;1350,00;450,00;320,00;4000,00;0,0;0,00;0,00;0,00;0,00;0,00;0,00;0,00;8,0;3500,00;3500,00;960,00;525,00;175,00;210,00;1630,00;0,0;0,00;0,00;0,00;0,00;0,00;0,00;0,00;32,0;0,2;37000,00;70500,00;65860,00;20262,56;52957,69;75474,80;-22517,11;-428035,72;-16737,44;46237,36;999;-228035,72
conservador;"Hipótese; não pipeline";12;450;0;2;1;1;0;22500;13050,00;65250,00;5220,00;60030,00;8012,97;52017,03;46237,36;9004,50;1800,90;22500,00;2250,00;16461,63;0;0,00;0,00;0,00;0,00;0,00;0,00;0,00;24,0;9000,00;9000,00;2880,00;1350,00;450,00;320,00;4000,00;40,0;18000,00;9000,00;7200,00;2700,00;900,00;600,00;6600,00;8,0;3500,00;3500,00;960,00;525,00;175,00;210,00;1630,00;0,0;0,00;0,00;0,00;0,00;0,00;0,00;0,00;72,0;0,45;37000,00;95750,00;90530,00;28691,63;67737,36;90825,40;-23088,04;-451123,76;-8308,37;61017,03;999;-251123,76
conservador;"Hipótese; não pipeline";13;500;1;2;0;2;1;25000;14500,00;72500,00;5800,00;66700,00;8903,30;57796,70;52017,03;10005,00;2001,00;25000,00;2500,00;18290,70;80;30000,00;15000,00;14400,00;4500,00;750,00;1500,00;9600,00;24,0;9000,00;9000,00;2880,00;1350,00;450,00;320,00;4000,00;0,0;0,00;9000,00;0,00;0,00;0,00;0,00;0,00;16,0;7000,00;7000,00;1920,00;1050,00;350,00;420,00;3260,00;20,0;6000,00;6000,00;3600,00;900,00;300,00;200,00;1000,00;140,0;0,875;42000,00;124500,00;118700,00;36150,70;98017,03;114896,00;-16878,97;-468002,73;-5849,30;72796,70;999;-268002,73
conservador;"Hipótese; não pipeline";14;520;0;2;0;2;0;26000;15080,00;75400,00;6032,00;69368,00;9259,43;60108,57;57796,70;10405,20;2081,04;26000,00;2600,00;19022,33;0;0,00;15000,00;0,00;0,00;750,00;0,00;0,00;24,0;9000,00;9000,00;2880,00;1350,00;450,00;320,00;4000,00;0,0;0,00;0,00;0,00;0,00;0,00;0,00;0,00;16,0;7000,00;7000,00;1920,00;1050,00;350,00;420,00;3260,00;0,0;0,00;0,00;0,00;0,00;0,00;0,00;0,00;40,0;0,25;42000,00;91400,00;85368,00;26282,33;88796,70;92576,24;-3779,54;-471782,27;-15717,67;60108,57;999;-271782,27
conservador;"Hipótese; não pipeline";15;540;0;2;1;2;0;27000;15660,00;78300,00;6264,00;72036,00;9615,56;62420,44;60108,57;10805,40;2161,08;27000,00;2700,00;19753,96;0;0,00;0,00;0,00;0,00;0,00;0,00;0,00;24,0;9000,00;9000,00;2880,00;1350,00;450,00;320,00;4000,00;40,0;18000,00;9000,00;7200,00;2700,00;900,00;600,00;6600,00;16,0;7000,00;7000,00;1920,00;1050,00;350,00;420,00;3260,00;0,0;0,00;0,00;0,00;0,00;0,00;0,00;0,00;80,0;0,5;42000,00;112300,00;106036,00;33613,96;85108,57;104806,48;-19697,91;-491480,18;-8386,04;71420,44;999;-291480,18
conservador;"Hipótese; não pipeline";16;560;0;2;0;2;0;28000;16240,00;81200,00;6496,00;74704,00;9971,70;64732,30;62420,44;11205,60;2241,12;28000,00;2800,00;20485,58;0;0,00;0,00;0,00;0,00;0,00;0,00;0,00;24,0;9000,00;9000,00;2880,00;1350,00;450,00;320,00;4000,00;0,0;0,00;9000,00;0,00;0,00;0,00;0,00;0,00;16,0;7000,00;7000,00;1920,00;1050,00;350,00;420,00;3260,00;0,0;0,00;0,00;0,00;0,00;0,00;0,00;0,00;40,0;0,25;42000,00;97200,00;90704,00;27745,58;87420,44;94986,72;-7566,28;-499046,46;-14254,42;64732,30;999;-299046,46
conservador;"Hipótese; não pipeline";17;580;1;2;0;2;0;29000;16820,00;84100,00;6728,00;77372,00;10327,83;67044,17;64732,30;11605,80;2321,16;29000,00;2900,00;21217,21;80;30000,00;15000,00;14400,00;4500,00;750,00;1500,00;9600,00;24,0;9000,00;9000,00;2880,00;1350,00;450,00;320,00;4000,00;0,0;0,00;0,00;0,00;0,00;0,00;0,00;0,00;16,0;7000,00;7000,00;1920,00;1050,00;350,00;420,00;3260,00;0,0;0,00;0,00;0,00;0,00;0,00;0,00;0,00;120,0;0,75;42000,00;130100,00;123372,00;38077,21;95732,30;116216,96;-20484,66;-519531,12;-3922,79;82044,17;999;-319531,12
conservador;"Hipótese; não pipeline";18;600;0;2;1;2;0;30000;17400,00;87000,00;6960,00;80040,00;10683,96;69356,04;67044,17;12006,00;2401,20;30000,00;3000,00;21948,84;0;0,00;15000,00;0,00;0,00;750,00;0,00;0,00;24,0;9000,00;9000,00;2880,00;1350,00;450,00;320,00;4000,00;40,0;18000,00;9000,00;7200,00;2700,00;900,00;600,00;6600,00;16,0;7000,00;7000,00;1920,00;1050,00;350,00;420,00;3260,00;0,0;0,00;0,00;0,00;0,00;0,00;0,00;0,00;80,0;0,5;42000,00;121000,00;114040,00;35808,84;107044,17;110297,20;-3253,03;-522784,15;-6191,16;78356,04;999;-322784,15
conservador;"Hipótese; não pipeline";19;620;0;2;0;2;0;31000;17980,00;89900,00;7192,00;82708,00;11040,09;71667,91;69356,04;12406,20;2481,24;31000,00;3100,00;22680,47;0;0,00;0,00;0,00;0,00;0,00;0,00;0,00;24,0;9000,00;9000,00;2880,00;1350,00;450,00;320,00;4000,00;0,0;0,00;9000,00;0,00;0,00;0,00;0,00;0,00;16,0;7000,00;7000,00;1920,00;1050,00;350,00;420,00;3260,00;0,0;0,00;0,00;0,00;0,00;0,00;0,00;0,00;40,0;0,25;42000,00;105900,00;98708,00;29940,47;94356,04;99727,44;-5371,40;-528155,55;-12059,53;71667,91;999;-328155,55
conservador;"Hipótese; não pipeline";20;640;0;2;0;2;0;32000;18560,00;92800,00;7424,00;85376,00;11396,22;73979,78;71667,91;12806,40;2561,28;32000,00;3200,00;23412,10;0;0,00;0,00;0,00;0,00;0,00;0,00;0,00;24,0;9000,00;9000,00;2880,00;1350,00;450,00;320,00;4000,00;0,0;0,00;0,00;0,00;0,00;0,00;0,00;0,00;16,0;7000,00;7000,00;1920,00;1050,00;350,00;420,00;3260,00;0,0;0,00;0,00;0,00;0,00;0,00;0,00;0,00;40,0;0,25;42000,00;108800,00;101376,00;30672,10;87667,91;101307,68;-13639,77;-541795,32;-11327,90;73979,78;999;-341795,32
conservador;"Hipótese; não pipeline";21;660;1;2;1;2;0;33000;19140,00;95700,00;7656,00;88044,00;11752,36;76291,64;73979,78;13206,60;2641,32;33000,00;3300,00;24143,72;80;30000,00;15000,00;14400,00;4500,00;750,00;1500,00;9600,00;24,0;9000,00;9000,00;2880,00;1350,00;450,00;320,00;4000,00;40,0;18000,00;9000,00;7200,00;2700,00;900,00;600,00;6600,00;16,0;7000,00;7000,00;1920,00;1050,00;350,00;420,00;3260,00;0,0;0,00;0,00;0,00;0,00;0,00;0,00;0,00;160,0;1,0;42000,00;159700,00;152044,00;47603,72;113979,78;133937,92;-19958,14;-561753,46;5603,72;100291,64;999;-361753,46
conservador;"Hipótese; não pipeline";22;680;0;2;0;2;0;34000;19720,00;98600,00;7888,00;90712,00;12108,49;78603,51;76291,64;13606,80;2721,36;34000,00;3400,00;24875,35;0;0,00;15000,00;0,00;0,00;750,00;0,00;0,00;24,0;9000,00;9000,00;2880,00;1350,00;450,00;320,00;4000,00;0,0;0,00;9000,00;0,00;0,00;0,00;0,00;0,00;16,0;7000,00;7000,00;1920,00;1050,00;350,00;420,00;3260,00;0,0;0,00;0,00;0,00;0,00;0,00;0,00;0,00;40,0;0,25;42000,00;114600,00;106712,00;32135,35;116291,64;105218,16;11073,48;-550679,98;-9864,65;78603,51;999;-350679,98
conservador;"Hipótese; não pipeline";23;700;0;2;0;2;0;35000;20300,00;101500,00;8120,00;93380,00;12464,62;80915,38;78603,51;14007,00;2801,40;35000,00;3500,00;25606,98;0;0,00;0,00;0,00;0,00;0,00;0,00;0,00;24,0;9000,00;9000,00;2880,00;1350,00;450,00;320,00;4000,00;0,0;0,00;0,00;0,00;0,00;0,00;0,00;0,00;16,0;7000,00;7000,00;1920,00;1050,00;350,00;420,00;3260,00;0,0;0,00;0,00;0,00;0,00;0,00;0,00;0,00;40,0;0,25;42000,00;117500,00;109380,00;32866,98;94603,51;106048,40;-11444,89;-562124,87;-9133,02;80915,38;999;-362124,87
conservador;"Hipótese; não pipeline";24;750;0;2;1;2;0;37500;21750,00;108750,00;8700,00;100050,00;13354,95;86695,05;80915,38;15007,50;3001,50;37500,00;3750,00;27436,05;0;0,00;0,00;0,00;0,00;0,00;0,00;0,00;24,0;9000,00;9000,00;2880,00;1350,00;450,00;320,00;4000,00;40,0;18000,00;9000,00;7200,00;2700,00;900,00;600,00;6600,00;16,0;7000,00;7000,00;1920,00;1050,00;350,00;420,00;3260,00;0,0;0,00;0,00;0,00;0,00;0,00;0,00;0,00;80,0;0,5;42000,00;142750,00;134050,00;41296,05;105915,38;121399,00;-15483,62;-577608,49;-703,95;95695,05;999;-377608,49
base;"Hipótese; não pipeline";1;0;0;0;0;0;0;0;0,00;0,00;0,00;0,00;0,00;0,00;0,00;0,00;0,00;0,00;0,00;0,00;0;0,00;0,00;0,00;0,00;0,00;0,00;0,00;0,0;0,00;0,00;0,00;0,00;0,00;0,00;0,00;0,0;0,00;0,00;0,00;0,00;0,00;0,00;0,00;0,0;0,00;0,00;0,00;0,00;0,00;0,00;0,00;0,0;0,00;0,00;0,00;0,00;0,00;0,00;0,00;0,0;0,0;37000,00;0,00;0,00;0,00;0,00;37000,00;-37000,00;-137000,00;-37000,00;0,00;999;63000,00
base;"Hipótese; não pipeline";2;0;0;0;0;0;0;0;0,00;0,00;0,00;0,00;0,00;0,00;0,00;0,00;0,00;0,00;0,00;0,00;0;0,00;0,00;0,00;0,00;0,00;0,00;0,00;0,0;0,00;0,00;0,00;0,00;0,00;0,00;0,00;0,0;0,00;0,00;0,00;0,00;0,00;0,00;0,00;0,0;0,00;0,00;0,00;0,00;0,00;0,00;0,00;0,0;0,00;0,00;0,00;0,00;0,00;0,00;0,00;0,0;0,0;37000,00;0,00;0,00;0,00;0,00;37000,00;-37000,00;-174000,00;-37000,00;0,00;999;26000,00
base;"Hipótese; não pipeline";3;50;1;1;1;0;0;2500;1450,00;7250,00;580,00;6670,00;890,33;5779,67;0,00;1000,50;200,10;2500,00;250,00;1829,07;80;30000,00;15000,00;14400,00;4500,00;750,00;1500,00;9600,00;12,0;4500,00;4500,00;1440,00;675,00;225,00;160,00;2000,00;40,0;18000,00;9000,00;7200,00;2700,00;900,00;600,00;6600,00;0,0;0,00;0,00;0,00;0,00;0,00;0,00;0,00;0,0;0,00;0,00;0,00;0,00;0,00;0,00;0,00;132,0;0,825;37000,00;59750,00;59170,00;20029,07;28500,00;74500,60;-46000,60;-220000,60;-16970,93;29779,67;999;-20000,60
base;"Hipótese; não pipeline";4;150;0;2;1;1;1;7500;4350,00;21750,00;1740,00;20010,00;2670,99;17339,01;5779,67;3001,50;600,30;7500,00;750,00;5487,21;0;0,00;15000,00;0,00;0,00;750,00;0,00;0,00;24,0;9000,00;9000,00;2880,00;1350,00;450,00;320,00;4000,00;40,0;18000,00;18000,00;7200,00;2700,00;900,00;600,00;6600,00;8,0;3500,00;3500,00;960,00;525,00;175,00;210,00;1630,00;20,0;6000,00;6000,00;3600,00;900,00;300,00;200,00;1000,00;92,0;0,575;37000,00;58250,00;56510,00;18717,21;57279,67;72871,80;-15592,13;-235592,73;-18282,79;26339,01;999;-35592,73
base;"Hipótese; não pipeline";5;300;1;3;1;2;1;15000;8700,00;43500,00;3480,00;40020,00;5341,98;34678,02;17339,01;6003,00;1200,60;15000,00;1500,00;10974,42;80;30000,00;15000,00;14400,00;4500,00;750,00;1500,00;9600,00;36,0;13500,00;13500,00;4320,00;2025,00;675,00;480,00;6000,00;40,0;18000,00;18000,00;7200,00;2700,00;900,00;600,00;6600,00;16,0;7000,00;7000,00;1920,00;1050,00;350,00;420,00;3260,00;20,0;6000,00;6000,00;3600,00;900,00;300,00;200,00;1000,00;192,0;1,2;37000,00;118000,00;114520,00;37434,42;76839,01;107993,60;-31154,59;-266747,32;434,42;58678,02;999;-66747,32
base;"Hipótese; não pipeline";6;500;0;4;1;2;0;25000;14500,00;72500,00;5800,00;66700,00;8903,30;57796,70;34678,02;10005,00;2001,00;25000,00;2500,00;18290,70;0;0,00;15000,00;0,00;0,00;750,00;0,00;0,00;48,0;18000,00;18000,00;5760,00;2700,00;900,00;640,00;8000,00;40,0;18000,00;18000,00;7200,00;2700,00;900,00;600,00;6600,00;16,0;7000,00;7000,00;1920,00;1050,00;350,00;420,00;3260,00;0,0;0,00;0,00;0,00;0,00;0,00;0,00;0,00;104,0;0,65;37000,00;115500,00;109700,00;36150,70;92678,02;102396,00;-9717,98;-276465,30;-849,30;66796,70;999;-76465,30
base;"Hipótese; não pipeline";7;750;1;5;2;3;1;37500;21750,00;108750,00;8700,00;100050,00;13354,95;86695,05;57796,70;15007,50;3001,50;37500,00;3750,00;27436,05;80;30000,00;15000,00;14400,00;4500,00;750,00;1500,00;9600,00;60,0;22500,00;22500,00;7200,00;3375,00;1125,00;800,00;10000,00;80,0;36000,00;27000,00;14400,00;5400,00;1800,00;1200,00;13200,00;24,0;10500,00;10500,00;2880,00;1575,00;525,00;630,00;4890,00;20,0;6000,00;6000,00;3600,00;900,00;300,00;200,00;1000,00;264,0;1,65;37000,00;213750,00;205050,00;66126,05;138796,70;161819,00;-23022,30;-299487,60;29126,05;119695,05;999;-99487,60
base;"Hipótese; não pipeline";8;1000;1;6;2;3;0;50000;29000,00;145000,00;11600,00;133400,00;17806,60;115593,40;86695,05;20010,00;4002,00;50000,00;5000,00;36581,40;80;30000,00;30000,00;14400,00;4500,00;1500,00;1500,00;9600,00;72,0;27000,00;27000,00;8640,00;4050,00;1350,00;960,00;12000,00;80,0;36000,00;36000,00;14400,00;5400,00;1800,00;1200,00;13200,00;24,0;10500,00;10500,00;2880,00;1575,00;525,00;630,00;4890,00;0,0;0,00;0,00;0,00;0,00;0,00;0,00;0,00;256,0;1,6;37000,00;248500,00;236900,00;76271,40;190195,05;179822,00;10373,05;-289114,55;39271,40;148593,40;999;-89114,55
base;"Hipótese; não pipeline";9;1250;1;7;2;4;1;62500;36250,00;181250,00;14500,00;166750,00;22258,25;144491,75;115593,40;25012,50;5002,50;62500,00;6250,00;45726,75;80;30000,00;30000,00;14400,00;4500,00;1500,00;1500,00;9600,00;84,0;31500,00;31500,00;10080,00;4725,00;1575,00;1120,00;14000,00;80,0;36000,00;36000,00;14400,00;5400,00;1800,00;1200,00;13200,00;32,0;14000,00;14000,00;3840,00;2100,00;700,00;840,00;6520,00;20,0;6000,00;6000,00;3600,00;900,00;300,00;200,00;1000,00;296,0;1,85;37000,00;298750,00;284250,00;90046,75;233093,40;208945,00;24148,40;-264966,15;53046,75;177491,75;999;-64966,15
base;"Hipótese; não pipeline";10;1500;1;8;2;4;0;75000;43500,00;217500,00;17400,00;200100,00;26709,90;173390,10;144491,75;30015,00;6003,00;75000,00;7500,00;54872,10;80;30000,00;30000,00;14400,00;4500,00;1500,00;1500,00;9600,00;96,0;36000,00;36000,00;11520,00;5400,00;1800,00;1280,00;16000,00;80,0;36000,00;36000,00;14400,00;5400,00;1800,00;1200,00;13200,00;32,0;14000,00;14000,00;3840,00;2100,00;700,00;840,00;6520,00;0,0;0,00;0,00;0,00;0,00;0,00;0,00;0,00;288,0;1,8;37000,00;333500,00;316100,00;100192,10;260491,75;226198,00;34293,75;-230672,40;63192,10;206390,10;999;-30672,40
base;"Hipótese; não pipeline";11;1750;1;8;2;4;0;87500;50750,00;253750,00;20300,00;233450,00;31161,55;202288,45;173390,10;35017,50;7003,50;87500,00;8750,00;64017,45;80;30000,00;30000,00;14400,00;4500,00;1500,00;1500,00;9600,00;96,0;36000,00;36000,00;11520,00;5400,00;1800,00;1280,00;16000,00;80,0;36000,00;36000,00;14400,00;5400,00;1800,00;1200,00;13200,00;32,0;14000,00;14000,00;3840,00;2100,00;700,00;840,00;6520,00;0,0;0,00;0,00;0,00;0,00;0,00;0,00;0,00;288,0;1,8;37000,00;369750,00;349450,00;109337,45;289390,10;245951,00;43439,10;-187233,30;72337,45;235288,45;999;12766,70
base;"Hipótese; não pipeline";12;2000;1;8;2;4;0;100000;58000,00;290000,00;23200,00;266800,00;35613,20;231186,80;202288,45;40020,00;8004,00;100000,00;10000,00;73162,80;80;30000,00;30000,00;14400,00;4500,00;1500,00;1500,00;9600,00;96,0;36000,00;36000,00;11520,00;5400,00;1800,00;1280,00;16000,00;80,0;36000,00;36000,00;14400,00;5400,00;1800,00;1200,00;13200,00;32,0;14000,00;14000,00;3840,00;2100,00;700,00;840,00;6520,00;0,0;0,00;0,00;0,00;0,00;0,00;0,00;0,00;288,0;1,8;37000,00;406000,00;382800,00;118482,80;318288,45;265704,00;52584,45;-134648,85;81482,80;264186,80;999;65351,15
base;"Hipótese; não pipeline";13;2200;2;10;3;6;2;110000;63800,00;319000,00;25520,00;293480,00;39174,52;254305,48;231186,80;44022,00;8804,40;110000,00;11000,00;80479,08;160;60000,00;45000,00;28800,00;9000,00;2250,00;3000,00;19200,00;120,0;45000,00;45000,00;14400,00;6750,00;2250,00;1600,00;20000,00;120,0;54000,00;45000,00;21600,00;8100,00;2700,00;1800,00;19800,00;48,0;21000,00;21000,00;5760,00;3150,00;1050,00;1260,00;9780,00;40,0;12000,00;12000,00;7200,00;1800,00;600,00;400,00;2000,00;488,0;3,05;42000,00;511000,00;485480,00;151259,08;399186,80;336296,40;62890,40;-71758,45;109259,08;311305,48;999;128241,55
base;"Hipótese; não pipeline";14;2400;2;10;3;6;0;120000;69600,00;348000,00;27840,00;320160,00;42735,84;277424,16;254305,48;48024,00;9604,80;120000,00;12000,00;87795,36;160;60000,00;60000,00;28800,00;9000,00;3000,00;3000,00;19200,00;120,0;45000,00;45000,00;14400,00;6750,00;2250,00;1600,00;20000,00;120,0;54000,00;54000,00;21600,00;8100,00;2700,00;1800,00;19800,00;48,0;21000,00;21000,00;5760,00;3150,00;1050,00;1260,00;9780,00;0,0;0,00;0,00;0,00;0,00;0,00;0,00;0,00;448,0;2,8;42000,00;528000,00;500160,00;156575,36;434305,48;342848,80;91456,68;19698,23;114575,36;334424,16;14;219698,23
base;"Hipótese; não pipeline";15;2600;2;10;3;6;0;130000;75400,00;377000,00;30160,00;346840,00;46297,16;300542,84;277424,16;52026,00;10405,20;130000,00;13000,00;95111,64;160;60000,00;60000,00;28800,00;9000,00;3000,00;3000,00;19200,00;120,0;45000,00;45000,00;14400,00;6750,00;2250,00;1600,00;20000,00;120,0;54000,00;54000,00;21600,00;8100,00;2700,00;1800,00;19800,00;48,0;21000,00;21000,00;5760,00;3150,00;1050,00;1260,00;9780,00;0,0;0,00;0,00;0,00;0,00;0,00;0,00;0,00;448,0;2,8;42000,00;557000,00;526840,00;163891,64;457424,16;358651,20;98772,96;118471,19;121891,64;357542,84;15;318471,19
base;"Hipótese; não pipeline";16;2800;2;10;3;6;0;140000;81200,00;406000,00;32480,00;373520,00;49858,48;323661,52;300542,84;56028,00;11205,60;140000,00;14000,00;102427,92;160;60000,00;60000,00;28800,00;9000,00;3000,00;3000,00;19200,00;120,0;45000,00;45000,00;14400,00;6750,00;2250,00;1600,00;20000,00;120,0;54000,00;54000,00;21600,00;8100,00;2700,00;1800,00;19800,00;48,0;21000,00;21000,00;5760,00;3150,00;1050,00;1260,00;9780,00;0,0;0,00;0,00;0,00;0,00;0,00;0,00;0,00;448,0;2,8;42000,00;586000,00;553520,00;171207,92;480542,84;374453,60;106089,24;224560,43;129207,92;380661,52;16;424560,43
base;"Hipótese; não pipeline";17;3000;2;10;3;6;0;150000;87000,00;435000,00;34800,00;400200,00;53419,80;346780,20;323661,52;60030,00;12006,00;150000,00;15000,00;109744,20;160;60000,00;60000,00;28800,00;9000,00;3000,00;3000,00;19200,00;120,0;45000,00;45000,00;14400,00;6750,00;2250,00;1600,00;20000,00;120,0;54000,00;54000,00;21600,00;8100,00;2700,00;1800,00;19800,00;48,0;21000,00;21000,00;5760,00;3150,00;1050,00;1260,00;9780,00;0,0;0,00;0,00;0,00;0,00;0,00;0,00;0,00;448,0;2,8;42000,00;615000,00;580200,00;178524,20;503661,52;390256,00;113405,52;337965,95;136524,20;403780,20;17;537965,95
base;"Hipótese; não pipeline";18;3000;2;10;3;6;0;150000;87000,00;435000,00;34800,00;400200,00;53419,80;346780,20;346780,20;60030,00;12006,00;150000,00;15000,00;109744,20;160;60000,00;60000,00;28800,00;9000,00;3000,00;3000,00;19200,00;120,0;45000,00;45000,00;14400,00;6750,00;2250,00;1600,00;20000,00;120,0;54000,00;54000,00;21600,00;8100,00;2700,00;1800,00;19800,00;48,0;21000,00;21000,00;5760,00;3150,00;1050,00;1260,00;9780,00;0,0;0,00;0,00;0,00;0,00;0,00;0,00;0,00;448,0;2,8;42000,00;615000,00;580200,00;178524,20;526780,20;390256,00;136524,20;474490,15;136524,20;403780,20;18;674490,15
base;"Hipótese; não pipeline";19;3000;2;10;3;6;0;150000;87000,00;435000,00;34800,00;400200,00;53419,80;346780,20;346780,20;60030,00;12006,00;150000,00;15000,00;109744,20;160;60000,00;60000,00;28800,00;9000,00;3000,00;3000,00;19200,00;120,0;45000,00;45000,00;14400,00;6750,00;2250,00;1600,00;20000,00;120,0;54000,00;54000,00;21600,00;8100,00;2700,00;1800,00;19800,00;48,0;21000,00;21000,00;5760,00;3150,00;1050,00;1260,00;9780,00;0,0;0,00;0,00;0,00;0,00;0,00;0,00;0,00;448,0;2,8;42000,00;615000,00;580200,00;178524,20;526780,20;390256,00;136524,20;611014,35;136524,20;403780,20;19;811014,35
base;"Hipótese; não pipeline";20;3000;2;10;3;6;0;150000;87000,00;435000,00;34800,00;400200,00;53419,80;346780,20;346780,20;60030,00;12006,00;150000,00;15000,00;109744,20;160;60000,00;60000,00;28800,00;9000,00;3000,00;3000,00;19200,00;120,0;45000,00;45000,00;14400,00;6750,00;2250,00;1600,00;20000,00;120,0;54000,00;54000,00;21600,00;8100,00;2700,00;1800,00;19800,00;48,0;21000,00;21000,00;5760,00;3150,00;1050,00;1260,00;9780,00;0,0;0,00;0,00;0,00;0,00;0,00;0,00;0,00;448,0;2,8;42000,00;615000,00;580200,00;178524,20;526780,20;390256,00;136524,20;747538,55;136524,20;403780,20;20;947538,55
base;"Hipótese; não pipeline";21;3000;2;10;3;6;0;150000;87000,00;435000,00;34800,00;400200,00;53419,80;346780,20;346780,20;60030,00;12006,00;150000,00;15000,00;109744,20;160;60000,00;60000,00;28800,00;9000,00;3000,00;3000,00;19200,00;120,0;45000,00;45000,00;14400,00;6750,00;2250,00;1600,00;20000,00;120,0;54000,00;54000,00;21600,00;8100,00;2700,00;1800,00;19800,00;48,0;21000,00;21000,00;5760,00;3150,00;1050,00;1260,00;9780,00;0,0;0,00;0,00;0,00;0,00;0,00;0,00;0,00;448,0;2,8;42000,00;615000,00;580200,00;178524,20;526780,20;390256,00;136524,20;884062,75;136524,20;403780,20;21;1084062,75
base;"Hipótese; não pipeline";22;3000;2;10;3;6;0;150000;87000,00;435000,00;34800,00;400200,00;53419,80;346780,20;346780,20;60030,00;12006,00;150000,00;15000,00;109744,20;160;60000,00;60000,00;28800,00;9000,00;3000,00;3000,00;19200,00;120,0;45000,00;45000,00;14400,00;6750,00;2250,00;1600,00;20000,00;120,0;54000,00;54000,00;21600,00;8100,00;2700,00;1800,00;19800,00;48,0;21000,00;21000,00;5760,00;3150,00;1050,00;1260,00;9780,00;0,0;0,00;0,00;0,00;0,00;0,00;0,00;0,00;448,0;2,8;42000,00;615000,00;580200,00;178524,20;526780,20;390256,00;136524,20;1020586,95;136524,20;403780,20;22;1220586,95
base;"Hipótese; não pipeline";23;3000;2;10;3;6;0;150000;87000,00;435000,00;34800,00;400200,00;53419,80;346780,20;346780,20;60030,00;12006,00;150000,00;15000,00;109744,20;160;60000,00;60000,00;28800,00;9000,00;3000,00;3000,00;19200,00;120,0;45000,00;45000,00;14400,00;6750,00;2250,00;1600,00;20000,00;120,0;54000,00;54000,00;21600,00;8100,00;2700,00;1800,00;19800,00;48,0;21000,00;21000,00;5760,00;3150,00;1050,00;1260,00;9780,00;0,0;0,00;0,00;0,00;0,00;0,00;0,00;0,00;448,0;2,8;42000,00;615000,00;580200,00;178524,20;526780,20;390256,00;136524,20;1157111,15;136524,20;403780,20;23;1357111,15
base;"Hipótese; não pipeline";24;3000;2;10;3;6;0;150000;87000,00;435000,00;34800,00;400200,00;53419,80;346780,20;346780,20;60030,00;12006,00;150000,00;15000,00;109744,20;160;60000,00;60000,00;28800,00;9000,00;3000,00;3000,00;19200,00;120,0;45000,00;45000,00;14400,00;6750,00;2250,00;1600,00;20000,00;120,0;54000,00;54000,00;21600,00;8100,00;2700,00;1800,00;19800,00;48,0;21000,00;21000,00;5760,00;3150,00;1050,00;1260,00;9780,00;0,0;0,00;0,00;0,00;0,00;0,00;0,00;0,00;448,0;2,8;42000,00;615000,00;580200,00;178524,20;526780,20;390256,00;136524,20;1293635,35;136524,20;403780,20;24;1493635,35
escala;"Hipótese; não pipeline";1;0;0;0;0;0;0;0;0,00;0,00;0,00;0,00;0,00;0,00;0,00;0,00;0,00;0,00;0,00;0,00;0;0,00;0,00;0,00;0,00;0,00;0,00;0,00;0,0;0,00;0,00;0,00;0,00;0,00;0,00;0,00;0,0;0,00;0,00;0,00;0,00;0,00;0,00;0,00;0,0;0,00;0,00;0,00;0,00;0,00;0,00;0,00;0,0;0,00;0,00;0,00;0,00;0,00;0,00;0,00;0,0;0,0;37000,00;0,00;0,00;0,00;0,00;37000,00;-37000,00;-137000,00;-37000,00;0,00;999;63000,00
escala;"Hipótese; não pipeline";2;0;0;0;0;0;0;0;0,00;0,00;0,00;0,00;0,00;0,00;0,00;0,00;0,00;0,00;0,00;0,00;0;0,00;0,00;0,00;0,00;0,00;0,00;0,00;0,0;0,00;0,00;0,00;0,00;0,00;0,00;0,00;0,0;0,00;0,00;0,00;0,00;0,00;0,00;0,00;0,0;0,00;0,00;0,00;0,00;0,00;0,00;0,00;0,0;0,00;0,00;0,00;0,00;0,00;0,00;0,00;0,0;0,0;37000,00;0,00;0,00;0,00;0,00;37000,00;-37000,00;-174000,00;-37000,00;0,00;999;26000,00
escala;"Hipótese; não pipeline";3;100;1;2;1;0;0;5000;2900,00;14500,00;1160,00;13340,00;1780,66;11559,34;0,00;2001,00;400,20;5000,00;500,00;3658,14;80;30000,00;15000,00;14400,00;4500,00;750,00;1500,00;9600,00;24,0;9000,00;9000,00;2880,00;1350,00;450,00;320,00;4000,00;40,0;18000,00;9000,00;7200,00;2700,00;900,00;600,00;6600,00;0,0;0,00;0,00;0,00;0,00;0,00;0,00;0,00;0,0;0,00;0,00;0,00;0,00;0,00;0,00;0,00;144,0;0,9;37000,00;71500,00;70340,00;23858,14;33000,00;80951,20;-47951,20;-221951,20;-13141,86;35559,34;999;-21951,20
escala;"Hipótese; não pipeline";4;300;1;3;1;1;1;15000;8700,00;43500,00;3480,00;40020,00;5341,98;34678,02;11559,34;6003,00;1200,60;15000,00;1500,00;10974,42;80;30000,00;30000,00;14400,00;4500,00;1500,00;1500,00;9600,00;36,0;13500,00;13500,00;4320,00;2025,00;675,00;480,00;6000,00;40,0;18000,00;18000,00;7200,00;2700,00;900,00;600,00;6600,00;8,0;3500,00;3500,00;960,00;525,00;175,00;210,00;1630,00;20,0;6000,00;6000,00;3600,00;900,00;300,00;200,00;1000,00;184,0;1,15;37000,00;114500,00;111020,00;35804,42;82559,34;106873,60;-24314,26;-246265,46;-1195,58;58678,02;999;-46265,46
escala;"Hipótese; não pipeline";5;600;1;4;2;2;1;30000;17400,00;87000,00;6960,00;80040,00;10683,96;69356,04;34678,02;12006,00;2401,20;30000,00;3000,00;21948,84;80;30000,00;30000,00;14400,00;4500,00;1500,00;1500,00;9600,00;48,0;18000,00;18000,00;5760,00;2700,00;900,00;640,00;8000,00;80,0;36000,00;27000,00;14400,00;5400,00;1800,00;1200,00;13200,00;16,0;7000,00;7000,00;1920,00;1050,00;350,00;420,00;3260,00;20,0;6000,00;6000,00;3600,00;900,00;300,00;200,00;1000,00;244,0;1,525;37000,00;184000,00;177040,00;57008,84;122678,02;146347,20;-23669,18;-269934,64;20008,84;102356,04;999;-69934,64
escala;"Hipótese; não pipeline";6;1000;2;5;2;3;1;50000;29000,00;145000,00;11600,00;133400,00;17806,60;115593,40;69356,04;20010,00;4002,00;50000,00;5000,00;36581,40;160;60000,00;45000,00;28800,00;9000,00;2250,00;3000,00;19200,00;60,0;22500,00;22500,00;7200,00;3375,00;1125,00;800,00;10000,00;80,0;36000,00;36000,00;14400,00;5400,00;1800,00;1200,00;13200,00;24,0;10500,00;10500,00;2880,00;1575,00;525,00;630,00;4890,00;20,0;6000,00;6000,00;3600,00;900,00;300,00;200,00;1000,00;344,0;2,15;37000,00;280000,00;268400,00;84871,40;189356,04;201972,00;-12615,96;-282550,60;47871,40;163593,40;999;-82550,60
escala;"Hipótese; não pipeline";7;1500;2;7;3;4;1;75000;43500,00;217500,00;17400,00;200100,00;26709,90;173390,10;115593,40;30015,00;6003,00;75000,00;7500,00;54872,10;160;60000,00;60000,00;28800,00;9000,00;3000,00;3000,00;19200,00;84,0;31500,00;31500,00;10080,00;4725,00;1575,00;1120,00;14000,00;120,0;54000,00;45000,00;21600,00;8100,00;2700,00;1800,00;19800,00;32,0;14000,00;14000,00;3840,00;2100,00;700,00;840,00;6520,00;20,0;6000,00;6000,00;3600,00;900,00;300,00;200,00;1000,00;416,0;2,6;37000,00;383000,00;365600,00;115392,10;272093,40;260498,00;11595,40;-270955,20;78392,10;230390,10;999;-70955,20
escala;"Hipótese; não pipeline";8;2200;2;9;3;5;1;110000;63800,00;319000,00;25520,00;293480,00;39174,52;254305,48;173390,10;44022,00;8804,40;110000,00;11000,00;80479,08;160;60000,00;60000,00;28800,00;9000,00;3000,00;3000,00;19200,00;108,0;40500,00;40500,00;12960,00;6075,00;2025,00;1440,00;18000,00;120,0;54000,00;54000,00;21600,00;8100,00;2700,00;1800,00;19800,00;40,0;17500,00;17500,00;4800,00;2625,00;875,00;1050,00;8150,00;20,0;6000,00;6000,00;3600,00;900,00;300,00;200,00;1000,00;448,0;2,8;37000,00;497000,00;471480,00;146629,08;351390,10;322676,40;28713,70;-242241,50;109629,08;311305,48;999;-42241,50
escala;"Hipótese; não pipeline";9;3000;2;10;4;6;1;150000;87000,00;435000,00;34800,00;400200,00;53419,80;346780,20;254305,48;60030,00;12006,00;150000,00;15000,00;109744,20;160;60000,00;60000,00;28800,00;9000,00;3000,00;3000,00;19200,00;120,0;45000,00;45000,00;14400,00;6750,00;2250,00;1600,00;20000,00;160,0;72000,00;63000,00;28800,00;10800,00;3600,00;2400,00;26400,00;48,0;21000,00;21000,00;5760,00;3150,00;1050,00;1260,00;9780,00;20,0;6000,00;6000,00;3600,00;900,00;300,00;200,00;1000,00;508,0;3,175;37000,00;639000,00;604200,00;186124,20;449305,48;401656,00;47649,48;-194592,02;149124,20;412780,20;999;5407,98
escala;"Hipótese; não pipeline";10;3500;3;12;4;6;0;175000;101500,00;507500,00;40600,00;466900,00;62323,10;404576,90;346780,20;70035,00;14007,00;175000,00;17500,00;128034,90;240;90000,00;75000,00;43200,00;13500,00;3750,00;4500,00;28800,00;144,0;54000,00;54000,00;17280,00;8100,00;2700,00;1920,00;24000,00;160,0;72000,00;72000,00;28800,00;10800,00;3600,00;2400,00;26400,00;48,0;21000,00;21000,00;5760,00;3150,00;1050,00;1260,00;9780,00;0,0;0,00;0,00;0,00;0,00;0,00;0,00;0,00;592,0;3,7;37000,00;744500,00;703900,00;217014,90;568780,20;460812,00;107968,20;-86623,82;180014,90;485576,90;999;113376,18
escala;"Hipótese; não pipeline";11;4000;3;12;4;6;0;200000;116000,00;580000,00;46400,00;533600,00;71226,40;462373,60;404576,90;80040,00;16008,00;200000,00;20000,00;146325,60;240;90000,00;90000,00;43200,00;13500,00;4500,00;4500,00;28800,00;144,0;54000,00;54000,00;17280,00;8100,00;2700,00;1920,00;24000,00;160,0;72000,00;72000,00;28800,00;10800,00;3600,00;2400,00;26400,00;48,0;21000,00;21000,00;5760,00;3150,00;1050,00;1260,00;9780,00;0,0;0,00;0,00;0,00;0,00;0,00;0,00;0,00;592,0;3,7;37000,00;817000,00;770600,00;235305,60;641576,90;501068,00;140508,90;53885,08;198305,60;543373,60;11;253885,08
escala;"Hipótese; não pipeline";12;4500;3;12;4;6;0;225000;130500,00;652500,00;52200,00;600300,00;80129,70;520170,30;462373,60;90045,00;18009,00;225000,00;22500,00;164616,30;240;90000,00;90000,00;43200,00;13500,00;4500,00;4500,00;28800,00;144,0;54000,00;54000,00;17280,00;8100,00;2700,00;1920,00;24000,00;160,0;72000,00;72000,00;28800,00;10800,00;3600,00;2400,00;26400,00;48,0;21000,00;21000,00;5760,00;3150,00;1050,00;1260,00;9780,00;0,0;0,00;0,00;0,00;0,00;0,00;0,00;0,00;592,0;3,7;37000,00;889500,00;837300,00;253596,30;699373,60;540574,00;158799,60;212684,68;216596,30;601170,30;12;412684,68
escala;"Hipótese; não pipeline";13;5000;3;15;5;10;4;250000;145000,00;725000,00;58000,00;667000,00;89033,00;577967,00;520170,30;100050,00;20010,00;250000,00;25000,00;182907,00;240;90000,00;90000,00;43200,00;13500,00;4500,00;4500,00;28800,00;180,0;67500,00;67500,00;21600,00;10125,00;3375,00;2400,00;30000,00;200,0;90000,00;81000,00;36000,00;13500,00;4500,00;3000,00;33000,00;80,0;35000,00;35000,00;9600,00;5250,00;1750,00;2100,00;16300,00;80,0;24000,00;24000,00;14400,00;3600,00;1200,00;800,00;4000,00;780,0;4,875;42000,00;1031500,00;973500,00;295007,00;817670,30;631460,00;186210,30;398894,98;253007,00;667967,00;13;598894,98
escala;"Hipótese; não pipeline";14;5000;3;15;5;10;0;250000;145000,00;725000,00;58000,00;667000,00;89033,00;577967,00;577967,00;100050,00;20010,00;250000,00;25000,00;182907,00;240;90000,00;90000,00;43200,00;13500,00;4500,00;4500,00;28800,00;180,0;67500,00;67500,00;21600,00;10125,00;3375,00;2400,00;30000,00;200,0;90000,00;90000,00;36000,00;13500,00;4500,00;3000,00;33000,00;80,0;35000,00;35000,00;9600,00;5250,00;1750,00;2100,00;16300,00;0,0;0,00;0,00;0,00;0,00;0,00;0,00;0,00;700,0;4,375;42000,00;1007500,00;949500,00;291007,00;860467,00;611460,00;249007,00;647901,98;249007,00;667967,00;14;847901,98
escala;"Hipótese; não pipeline";15;5000;3;15;5;10;0;250000;145000,00;725000,00;58000,00;667000,00;89033,00;577967,00;577967,00;100050,00;20010,00;250000,00;25000,00;182907,00;240;90000,00;90000,00;43200,00;13500,00;4500,00;4500,00;28800,00;180,0;67500,00;67500,00;21600,00;10125,00;3375,00;2400,00;30000,00;200,0;90000,00;90000,00;36000,00;13500,00;4500,00;3000,00;33000,00;80,0;35000,00;35000,00;9600,00;5250,00;1750,00;2100,00;16300,00;0,0;0,00;0,00;0,00;0,00;0,00;0,00;0,00;700,0;4,375;42000,00;1007500,00;949500,00;291007,00;860467,00;611460,00;249007,00;896908,98;249007,00;667967,00;15;1096908,98
escala;"Hipótese; não pipeline";16;5000;3;15;5;10;0;250000;145000,00;725000,00;58000,00;667000,00;89033,00;577967,00;577967,00;100050,00;20010,00;250000,00;25000,00;182907,00;240;90000,00;90000,00;43200,00;13500,00;4500,00;4500,00;28800,00;180,0;67500,00;67500,00;21600,00;10125,00;3375,00;2400,00;30000,00;200,0;90000,00;90000,00;36000,00;13500,00;4500,00;3000,00;33000,00;80,0;35000,00;35000,00;9600,00;5250,00;1750,00;2100,00;16300,00;0,0;0,00;0,00;0,00;0,00;0,00;0,00;0,00;700,0;4,375;42000,00;1007500,00;949500,00;291007,00;860467,00;611460,00;249007,00;1145915,98;249007,00;667967,00;16;1345915,98
escala;"Hipótese; não pipeline";17;5000;3;15;5;10;0;250000;145000,00;725000,00;58000,00;667000,00;89033,00;577967,00;577967,00;100050,00;20010,00;250000,00;25000,00;182907,00;240;90000,00;90000,00;43200,00;13500,00;4500,00;4500,00;28800,00;180,0;67500,00;67500,00;21600,00;10125,00;3375,00;2400,00;30000,00;200,0;90000,00;90000,00;36000,00;13500,00;4500,00;3000,00;33000,00;80,0;35000,00;35000,00;9600,00;5250,00;1750,00;2100,00;16300,00;0,0;0,00;0,00;0,00;0,00;0,00;0,00;0,00;700,0;4,375;42000,00;1007500,00;949500,00;291007,00;860467,00;611460,00;249007,00;1394922,98;249007,00;667967,00;17;1594922,98
escala;"Hipótese; não pipeline";18;5000;3;15;5;10;0;250000;145000,00;725000,00;58000,00;667000,00;89033,00;577967,00;577967,00;100050,00;20010,00;250000,00;25000,00;182907,00;240;90000,00;90000,00;43200,00;13500,00;4500,00;4500,00;28800,00;180,0;67500,00;67500,00;21600,00;10125,00;3375,00;2400,00;30000,00;200,0;90000,00;90000,00;36000,00;13500,00;4500,00;3000,00;33000,00;80,0;35000,00;35000,00;9600,00;5250,00;1750,00;2100,00;16300,00;0,0;0,00;0,00;0,00;0,00;0,00;0,00;0,00;700,0;4,375;42000,00;1007500,00;949500,00;291007,00;860467,00;611460,00;249007,00;1643929,98;249007,00;667967,00;18;1843929,98
escala;"Hipótese; não pipeline";19;5000;3;15;5;10;0;250000;145000,00;725000,00;58000,00;667000,00;89033,00;577967,00;577967,00;100050,00;20010,00;250000,00;25000,00;182907,00;240;90000,00;90000,00;43200,00;13500,00;4500,00;4500,00;28800,00;180,0;67500,00;67500,00;21600,00;10125,00;3375,00;2400,00;30000,00;200,0;90000,00;90000,00;36000,00;13500,00;4500,00;3000,00;33000,00;80,0;35000,00;35000,00;9600,00;5250,00;1750,00;2100,00;16300,00;0,0;0,00;0,00;0,00;0,00;0,00;0,00;0,00;700,0;4,375;42000,00;1007500,00;949500,00;291007,00;860467,00;611460,00;249007,00;1892936,98;249007,00;667967,00;19;2092936,98
escala;"Hipótese; não pipeline";20;5000;3;15;5;10;0;250000;145000,00;725000,00;58000,00;667000,00;89033,00;577967,00;577967,00;100050,00;20010,00;250000,00;25000,00;182907,00;240;90000,00;90000,00;43200,00;13500,00;4500,00;4500,00;28800,00;180,0;67500,00;67500,00;21600,00;10125,00;3375,00;2400,00;30000,00;200,0;90000,00;90000,00;36000,00;13500,00;4500,00;3000,00;33000,00;80,0;35000,00;35000,00;9600,00;5250,00;1750,00;2100,00;16300,00;0,0;0,00;0,00;0,00;0,00;0,00;0,00;0,00;700,0;4,375;42000,00;1007500,00;949500,00;291007,00;860467,00;611460,00;249007,00;2141943,98;249007,00;667967,00;20;2341943,98
escala;"Hipótese; não pipeline";21;5000;3;15;5;10;0;250000;145000,00;725000,00;58000,00;667000,00;89033,00;577967,00;577967,00;100050,00;20010,00;250000,00;25000,00;182907,00;240;90000,00;90000,00;43200,00;13500,00;4500,00;4500,00;28800,00;180,0;67500,00;67500,00;21600,00;10125,00;3375,00;2400,00;30000,00;200,0;90000,00;90000,00;36000,00;13500,00;4500,00;3000,00;33000,00;80,0;35000,00;35000,00;9600,00;5250,00;1750,00;2100,00;16300,00;0,0;0,00;0,00;0,00;0,00;0,00;0,00;0,00;700,0;4,375;42000,00;1007500,00;949500,00;291007,00;860467,00;611460,00;249007,00;2390950,98;249007,00;667967,00;21;2590950,98
escala;"Hipótese; não pipeline";22;5000;3;15;5;10;0;250000;145000,00;725000,00;58000,00;667000,00;89033,00;577967,00;577967,00;100050,00;20010,00;250000,00;25000,00;182907,00;240;90000,00;90000,00;43200,00;13500,00;4500,00;4500,00;28800,00;180,0;67500,00;67500,00;21600,00;10125,00;3375,00;2400,00;30000,00;200,0;90000,00;90000,00;36000,00;13500,00;4500,00;3000,00;33000,00;80,0;35000,00;35000,00;9600,00;5250,00;1750,00;2100,00;16300,00;0,0;0,00;0,00;0,00;0,00;0,00;0,00;0,00;700,0;4,375;42000,00;1007500,00;949500,00;291007,00;860467,00;611460,00;249007,00;2639957,98;249007,00;667967,00;22;2839957,98
escala;"Hipótese; não pipeline";23;5000;3;15;5;10;0;250000;145000,00;725000,00;58000,00;667000,00;89033,00;577967,00;577967,00;100050,00;20010,00;250000,00;25000,00;182907,00;240;90000,00;90000,00;43200,00;13500,00;4500,00;4500,00;28800,00;180,0;67500,00;67500,00;21600,00;10125,00;3375,00;2400,00;30000,00;200,0;90000,00;90000,00;36000,00;13500,00;4500,00;3000,00;33000,00;80,0;35000,00;35000,00;9600,00;5250,00;1750,00;2100,00;16300,00;0,0;0,00;0,00;0,00;0,00;0,00;0,00;0,00;700,0;4,375;42000,00;1007500,00;949500,00;291007,00;860467,00;611460,00;249007,00;2888964,98;249007,00;667967,00;23;3088964,98
escala;"Hipótese; não pipeline";24;5000;3;15;5;10;0;250000;145000,00;725000,00;58000,00;667000,00;89033,00;577967,00;577967,00;100050,00;20010,00;250000,00;25000,00;182907,00;240;90000,00;90000,00;43200,00;13500,00;4500,00;4500,00;28800,00;180,0;67500,00;67500,00;21600,00;10125,00;3375,00;2400,00;30000,00;200,0;90000,00;90000,00;36000,00;13500,00;4500,00;3000,00;33000,00;80,0;35000,00;35000,00;9600,00;5250,00;1750,00;2100,00;16300,00;0,0;0,00;0,00;0,00;0,00;0,00;0,00;0,00;700,0;4,375;42000,00;1007500,00;949500,00;291007,00;860467,00;611460,00;249007,00;3137971,98;249007,00;667967,00;24;3337971,98
base-cac15;"Hipótese; não pipeline";1;0;0;0;0;0;0;0;0,00;0,00;0,00;0,00;0,00;0,00;0,00;0,00;0,00;0,00;0,00;0,00;0;0,00;0,00;0,00;0,00;0,00;0,00;0,00;0,0;0,00;0,00;0,00;0,00;0,00;0,00;0,00;0,0;0,00;0,00;0,00;0,00;0,00;0,00;0,00;0,0;0,00;0,00;0,00;0,00;0,00;0,00;0,00;0,0;0,00;0,00;0,00;0,00;0,00;0,00;0,00;0,0;0,0;37000,00;0,00;0,00;0,00;0,00;37000,00;-37000,00;-137000,00;-37000,00;0,00;999;63000,00
base-cac15;"Hipótese; não pipeline";2;0;0;0;0;0;0;0;0,00;0,00;0,00;0,00;0,00;0,00;0,00;0,00;0,00;0,00;0,00;0,00;0;0,00;0,00;0,00;0,00;0,00;0,00;0,00;0,0;0,00;0,00;0,00;0,00;0,00;0,00;0,00;0,0;0,00;0,00;0,00;0,00;0,00;0,00;0,00;0,0;0,00;0,00;0,00;0,00;0,00;0,00;0,00;0,0;0,00;0,00;0,00;0,00;0,00;0,00;0,00;0,0;0,0;37000,00;0,00;0,00;0,00;0,00;37000,00;-37000,00;-174000,00;-37000,00;0,00;999;26000,00
base-cac15;"Hipótese; não pipeline";3;50;1;1;1;0;0;2500;1450,00;7250,00;580,00;6670,00;890,33;5779,67;0,00;1000,50;200,10;3750,00;250,00;579,07;80;30000,00;15000,00;14400,00;4500,00;750,00;1500,00;9600,00;12,0;4500,00;4500,00;1440,00;675,00;225,00;160,00;2000,00;40,0;18000,00;9000,00;7200,00;2700,00;900,00;600,00;6600,00;0,0;0,00;0,00;0,00;0,00;0,00;0,00;0,00;0,0;0,00;0,00;0,00;0,00;0,00;0,00;0,00;132,0;0,825;37000,00;59750,00;59170,00;18779,07;28500,00;75750,60;-47250,60;-221250,60;-18220,93;29779,67;999;-21250,60
base-cac15;"Hipótese; não pipeline";4;150;0;2;1;1;1;7500;4350,00;21750,00;1740,00;20010,00;2670,99;17339,01;5779,67;3001,50;600,30;11250,00;750,00;1737,21;0;0,00;15000,00;0,00;0,00;750,00;0,00;0,00;24,0;9000,00;9000,00;2880,00;1350,00;450,00;320,00;4000,00;40,0;18000,00;18000,00;7200,00;2700,00;900,00;600,00;6600,00;8,0;3500,00;3500,00;960,00;525,00;175,00;210,00;1630,00;20,0;6000,00;6000,00;3600,00;900,00;300,00;200,00;1000,00;92,0;0,575;37000,00;58250,00;56510,00;14967,21;57279,67;76621,80;-19342,13;-240592,73;-22032,79;26339,01;999;-40592,73
base-cac15;"Hipótese; não pipeline";5;300;1;3;1;2;1;15000;8700,00;43500,00;3480,00;40020,00;5341,98;34678,02;17339,01;6003,00;1200,60;22500,00;1500,00;3474,42;80;30000,00;15000,00;14400,00;4500,00;750,00;1500,00;9600,00;36,0;13500,00;13500,00;4320,00;2025,00;675,00;480,00;6000,00;40,0;18000,00;18000,00;7200,00;2700,00;900,00;600,00;6600,00;16,0;7000,00;7000,00;1920,00;1050,00;350,00;420,00;3260,00;20,0;6000,00;6000,00;3600,00;900,00;300,00;200,00;1000,00;192,0;1,2;37000,00;118000,00;114520,00;29934,42;76839,01;115493,60;-38654,59;-279247,32;-7065,58;58678,02;999;-79247,32
base-cac15;"Hipótese; não pipeline";6;500;0;4;1;2;0;25000;14500,00;72500,00;5800,00;66700,00;8903,30;57796,70;34678,02;10005,00;2001,00;37500,00;2500,00;5790,70;0;0,00;15000,00;0,00;0,00;750,00;0,00;0,00;48,0;18000,00;18000,00;5760,00;2700,00;900,00;640,00;8000,00;40,0;18000,00;18000,00;7200,00;2700,00;900,00;600,00;6600,00;16,0;7000,00;7000,00;1920,00;1050,00;350,00;420,00;3260,00;0,0;0,00;0,00;0,00;0,00;0,00;0,00;0,00;104,0;0,65;37000,00;115500,00;109700,00;23650,70;92678,02;114896,00;-22217,98;-301465,30;-13349,30;66796,70;999;-101465,30
base-cac15;"Hipótese; não pipeline";7;750;1;5;2;3;1;37500;21750,00;108750,00;8700,00;100050,00;13354,95;86695,05;57796,70;15007,50;3001,50;56250,00;3750,00;8686,05;80;30000,00;15000,00;14400,00;4500,00;750,00;1500,00;9600,00;60,0;22500,00;22500,00;7200,00;3375,00;1125,00;800,00;10000,00;80,0;36000,00;27000,00;14400,00;5400,00;1800,00;1200,00;13200,00;24,0;10500,00;10500,00;2880,00;1575,00;525,00;630,00;4890,00;20,0;6000,00;6000,00;3600,00;900,00;300,00;200,00;1000,00;264,0;1,65;37000,00;213750,00;205050,00;47376,05;138796,70;180569,00;-41772,30;-343237,60;10376,05;119695,05;999;-143237,60
base-cac15;"Hipótese; não pipeline";8;1000;1;6;2;3;0;50000;29000,00;145000,00;11600,00;133400,00;17806,60;115593,40;86695,05;20010,00;4002,00;75000,00;5000,00;11581,40;80;30000,00;30000,00;14400,00;4500,00;1500,00;1500,00;9600,00;72,0;27000,00;27000,00;8640,00;4050,00;1350,00;960,00;12000,00;80,0;36000,00;36000,00;14400,00;5400,00;1800,00;1200,00;13200,00;24,0;10500,00;10500,00;2880,00;1575,00;525,00;630,00;4890,00;0,0;0,00;0,00;0,00;0,00;0,00;0,00;0,00;256,0;1,6;37000,00;248500,00;236900,00;51271,40;190195,05;204822,00;-14626,95;-357864,55;14271,40;148593,40;999;-157864,55
base-cac15;"Hipótese; não pipeline";9;1250;1;7;2;4;1;62500;36250,00;181250,00;14500,00;166750,00;22258,25;144491,75;115593,40;25012,50;5002,50;93750,00;6250,00;14476,75;80;30000,00;30000,00;14400,00;4500,00;1500,00;1500,00;9600,00;84,0;31500,00;31500,00;10080,00;4725,00;1575,00;1120,00;14000,00;80,0;36000,00;36000,00;14400,00;5400,00;1800,00;1200,00;13200,00;32,0;14000,00;14000,00;3840,00;2100,00;700,00;840,00;6520,00;20,0;6000,00;6000,00;3600,00;900,00;300,00;200,00;1000,00;296,0;1,85;37000,00;298750,00;284250,00;58796,75;233093,40;240195,00;-7101,60;-364966,15;21796,75;177491,75;999;-164966,15
base-cac15;"Hipótese; não pipeline";10;1500;1;8;2;4;0;75000;43500,00;217500,00;17400,00;200100,00;26709,90;173390,10;144491,75;30015,00;6003,00;112500,00;7500,00;17372,10;80;30000,00;30000,00;14400,00;4500,00;1500,00;1500,00;9600,00;96,0;36000,00;36000,00;11520,00;5400,00;1800,00;1280,00;16000,00;80,0;36000,00;36000,00;14400,00;5400,00;1800,00;1200,00;13200,00;32,0;14000,00;14000,00;3840,00;2100,00;700,00;840,00;6520,00;0,0;0,00;0,00;0,00;0,00;0,00;0,00;0,00;288,0;1,8;37000,00;333500,00;316100,00;62692,10;260491,75;263698,00;-3206,25;-368172,40;25692,10;206390,10;999;-168172,40
base-cac15;"Hipótese; não pipeline";11;1750;1;8;2;4;0;87500;50750,00;253750,00;20300,00;233450,00;31161,55;202288,45;173390,10;35017,50;7003,50;131250,00;8750,00;20267,45;80;30000,00;30000,00;14400,00;4500,00;1500,00;1500,00;9600,00;96,0;36000,00;36000,00;11520,00;5400,00;1800,00;1280,00;16000,00;80,0;36000,00;36000,00;14400,00;5400,00;1800,00;1200,00;13200,00;32,0;14000,00;14000,00;3840,00;2100,00;700,00;840,00;6520,00;0,0;0,00;0,00;0,00;0,00;0,00;0,00;0,00;288,0;1,8;37000,00;369750,00;349450,00;65587,45;289390,10;289701,00;-310,90;-368483,30;28587,45;235288,45;999;-168483,30
base-cac15;"Hipótese; não pipeline";12;2000;1;8;2;4;0;100000;58000,00;290000,00;23200,00;266800,00;35613,20;231186,80;202288,45;40020,00;8004,00;150000,00;10000,00;23162,80;80;30000,00;30000,00;14400,00;4500,00;1500,00;1500,00;9600,00;96,0;36000,00;36000,00;11520,00;5400,00;1800,00;1280,00;16000,00;80,0;36000,00;36000,00;14400,00;5400,00;1800,00;1200,00;13200,00;32,0;14000,00;14000,00;3840,00;2100,00;700,00;840,00;6520,00;0,0;0,00;0,00;0,00;0,00;0,00;0,00;0,00;288,0;1,8;37000,00;406000,00;382800,00;68482,80;318288,45;315704,00;2584,45;-365898,85;31482,80;264186,80;999;-165898,85
base-cac15;"Hipótese; não pipeline";13;2200;2;10;3;6;2;110000;63800,00;319000,00;25520,00;293480,00;39174,52;254305,48;231186,80;44022,00;8804,40;165000,00;11000,00;25479,08;160;60000,00;45000,00;28800,00;9000,00;2250,00;3000,00;19200,00;120,0;45000,00;45000,00;14400,00;6750,00;2250,00;1600,00;20000,00;120,0;54000,00;45000,00;21600,00;8100,00;2700,00;1800,00;19800,00;48,0;21000,00;21000,00;5760,00;3150,00;1050,00;1260,00;9780,00;40,0;12000,00;12000,00;7200,00;1800,00;600,00;400,00;2000,00;488,0;3,05;42000,00;511000,00;485480,00;96259,08;399186,80;391296,40;7890,40;-358008,45;54259,08;311305,48;999;-158008,45
base-cac15;"Hipótese; não pipeline";14;2400;2;10;3;6;0;120000;69600,00;348000,00;27840,00;320160,00;42735,84;277424,16;254305,48;48024,00;9604,80;180000,00;12000,00;27795,36;160;60000,00;60000,00;28800,00;9000,00;3000,00;3000,00;19200,00;120,0;45000,00;45000,00;14400,00;6750,00;2250,00;1600,00;20000,00;120,0;54000,00;54000,00;21600,00;8100,00;2700,00;1800,00;19800,00;48,0;21000,00;21000,00;5760,00;3150,00;1050,00;1260,00;9780,00;0,0;0,00;0,00;0,00;0,00;0,00;0,00;0,00;448,0;2,8;42000,00;528000,00;500160,00;96575,36;434305,48;402848,80;31456,68;-326551,77;54575,36;334424,16;999;-126551,77
base-cac15;"Hipótese; não pipeline";15;2600;2;10;3;6;0;130000;75400,00;377000,00;30160,00;346840,00;46297,16;300542,84;277424,16;52026,00;10405,20;195000,00;13000,00;30111,64;160;60000,00;60000,00;28800,00;9000,00;3000,00;3000,00;19200,00;120,0;45000,00;45000,00;14400,00;6750,00;2250,00;1600,00;20000,00;120,0;54000,00;54000,00;21600,00;8100,00;2700,00;1800,00;19800,00;48,0;21000,00;21000,00;5760,00;3150,00;1050,00;1260,00;9780,00;0,0;0,00;0,00;0,00;0,00;0,00;0,00;0,00;448,0;2,8;42000,00;557000,00;526840,00;98891,64;457424,16;423651,20;33772,96;-292778,81;56891,64;357542,84;999;-92778,81
base-cac15;"Hipótese; não pipeline";16;2800;2;10;3;6;0;140000;81200,00;406000,00;32480,00;373520,00;49858,48;323661,52;300542,84;56028,00;11205,60;210000,00;14000,00;32427,92;160;60000,00;60000,00;28800,00;9000,00;3000,00;3000,00;19200,00;120,0;45000,00;45000,00;14400,00;6750,00;2250,00;1600,00;20000,00;120,0;54000,00;54000,00;21600,00;8100,00;2700,00;1800,00;19800,00;48,0;21000,00;21000,00;5760,00;3150,00;1050,00;1260,00;9780,00;0,0;0,00;0,00;0,00;0,00;0,00;0,00;0,00;448,0;2,8;42000,00;586000,00;553520,00;101207,92;480542,84;444453,60;36089,24;-256689,57;59207,92;380661,52;999;-56689,57
base-cac15;"Hipótese; não pipeline";17;3000;2;10;3;6;0;150000;87000,00;435000,00;34800,00;400200,00;53419,80;346780,20;323661,52;60030,00;12006,00;225000,00;15000,00;34744,20;160;60000,00;60000,00;28800,00;9000,00;3000,00;3000,00;19200,00;120,0;45000,00;45000,00;14400,00;6750,00;2250,00;1600,00;20000,00;120,0;54000,00;54000,00;21600,00;8100,00;2700,00;1800,00;19800,00;48,0;21000,00;21000,00;5760,00;3150,00;1050,00;1260,00;9780,00;0,0;0,00;0,00;0,00;0,00;0,00;0,00;0,00;448,0;2,8;42000,00;615000,00;580200,00;103524,20;503661,52;465256,00;38405,52;-218284,05;61524,20;403780,20;999;-18284,05
base-cac15;"Hipótese; não pipeline";18;3000;2;10;3;6;0;150000;87000,00;435000,00;34800,00;400200,00;53419,80;346780,20;346780,20;60030,00;12006,00;225000,00;15000,00;34744,20;160;60000,00;60000,00;28800,00;9000,00;3000,00;3000,00;19200,00;120,0;45000,00;45000,00;14400,00;6750,00;2250,00;1600,00;20000,00;120,0;54000,00;54000,00;21600,00;8100,00;2700,00;1800,00;19800,00;48,0;21000,00;21000,00;5760,00;3150,00;1050,00;1260,00;9780,00;0,0;0,00;0,00;0,00;0,00;0,00;0,00;0,00;448,0;2,8;42000,00;615000,00;580200,00;103524,20;526780,20;465256,00;61524,20;-156759,85;61524,20;403780,20;999;43240,15
base-cac15;"Hipótese; não pipeline";19;3000;2;10;3;6;0;150000;87000,00;435000,00;34800,00;400200,00;53419,80;346780,20;346780,20;60030,00;12006,00;225000,00;15000,00;34744,20;160;60000,00;60000,00;28800,00;9000,00;3000,00;3000,00;19200,00;120,0;45000,00;45000,00;14400,00;6750,00;2250,00;1600,00;20000,00;120,0;54000,00;54000,00;21600,00;8100,00;2700,00;1800,00;19800,00;48,0;21000,00;21000,00;5760,00;3150,00;1050,00;1260,00;9780,00;0,0;0,00;0,00;0,00;0,00;0,00;0,00;0,00;448,0;2,8;42000,00;615000,00;580200,00;103524,20;526780,20;465256,00;61524,20;-95235,65;61524,20;403780,20;999;104764,35
base-cac15;"Hipótese; não pipeline";20;3000;2;10;3;6;0;150000;87000,00;435000,00;34800,00;400200,00;53419,80;346780,20;346780,20;60030,00;12006,00;225000,00;15000,00;34744,20;160;60000,00;60000,00;28800,00;9000,00;3000,00;3000,00;19200,00;120,0;45000,00;45000,00;14400,00;6750,00;2250,00;1600,00;20000,00;120,0;54000,00;54000,00;21600,00;8100,00;2700,00;1800,00;19800,00;48,0;21000,00;21000,00;5760,00;3150,00;1050,00;1260,00;9780,00;0,0;0,00;0,00;0,00;0,00;0,00;0,00;0,00;448,0;2,8;42000,00;615000,00;580200,00;103524,20;526780,20;465256,00;61524,20;-33711,45;61524,20;403780,20;999;166288,55
base-cac15;"Hipótese; não pipeline";21;3000;2;10;3;6;0;150000;87000,00;435000,00;34800,00;400200,00;53419,80;346780,20;346780,20;60030,00;12006,00;225000,00;15000,00;34744,20;160;60000,00;60000,00;28800,00;9000,00;3000,00;3000,00;19200,00;120,0;45000,00;45000,00;14400,00;6750,00;2250,00;1600,00;20000,00;120,0;54000,00;54000,00;21600,00;8100,00;2700,00;1800,00;19800,00;48,0;21000,00;21000,00;5760,00;3150,00;1050,00;1260,00;9780,00;0,0;0,00;0,00;0,00;0,00;0,00;0,00;0,00;448,0;2,8;42000,00;615000,00;580200,00;103524,20;526780,20;465256,00;61524,20;27812,75;61524,20;403780,20;21;227812,75
base-cac15;"Hipótese; não pipeline";22;3000;2;10;3;6;0;150000;87000,00;435000,00;34800,00;400200,00;53419,80;346780,20;346780,20;60030,00;12006,00;225000,00;15000,00;34744,20;160;60000,00;60000,00;28800,00;9000,00;3000,00;3000,00;19200,00;120,0;45000,00;45000,00;14400,00;6750,00;2250,00;1600,00;20000,00;120,0;54000,00;54000,00;21600,00;8100,00;2700,00;1800,00;19800,00;48,0;21000,00;21000,00;5760,00;3150,00;1050,00;1260,00;9780,00;0,0;0,00;0,00;0,00;0,00;0,00;0,00;0,00;448,0;2,8;42000,00;615000,00;580200,00;103524,20;526780,20;465256,00;61524,20;89336,95;61524,20;403780,20;22;289336,95
base-cac15;"Hipótese; não pipeline";23;3000;2;10;3;6;0;150000;87000,00;435000,00;34800,00;400200,00;53419,80;346780,20;346780,20;60030,00;12006,00;225000,00;15000,00;34744,20;160;60000,00;60000,00;28800,00;9000,00;3000,00;3000,00;19200,00;120,0;45000,00;45000,00;14400,00;6750,00;2250,00;1600,00;20000,00;120,0;54000,00;54000,00;21600,00;8100,00;2700,00;1800,00;19800,00;48,0;21000,00;21000,00;5760,00;3150,00;1050,00;1260,00;9780,00;0,0;0,00;0,00;0,00;0,00;0,00;0,00;0,00;448,0;2,8;42000,00;615000,00;580200,00;103524,20;526780,20;465256,00;61524,20;150861,15;61524,20;403780,20;23;350861,15
base-cac15;"Hipótese; não pipeline";24;3000;2;10;3;6;0;150000;87000,00;435000,00;34800,00;400200,00;53419,80;346780,20;346780,20;60030,00;12006,00;225000,00;15000,00;34744,20;160;60000,00;60000,00;28800,00;9000,00;3000,00;3000,00;19200,00;120,0;45000,00;45000,00;14400,00;6750,00;2250,00;1600,00;20000,00;120,0;54000,00;54000,00;21600,00;8100,00;2700,00;1800,00;19800,00;48,0;21000,00;21000,00;5760,00;3150,00;1050,00;1260,00;9780,00;0,0;0,00;0,00;0,00;0,00;0,00;0,00;0,00;448,0;2,8;42000,00;615000,00;580200,00;103524,20;526780,20;465256,00;61524,20;212385,35;61524,20;403780,20;24;412385,35
base-novas50;"Hipótese; não pipeline";1;0;0;0;0;0;0;0;0,00;0,00;0,00;0,00;0,00;0,00;0,00;0,00;0,00;0,00;0,00;0,00;0;0,00;0,00;0,00;0,00;0,00;0,00;0,00;0,0;0,00;0,00;0,00;0,00;0,00;0,00;0,00;0,0;0,00;0,00;0,00;0,00;0,00;0,00;0,00;0,0;0,00;0,00;0,00;0,00;0,00;0,00;0,00;0,0;0,00;0,00;0,00;0,00;0,00;0,00;0,00;0,0;0,0;37000,00;0,00;0,00;0,00;0,00;37000,00;-37000,00;-137000,00;-37000,00;0,00;999;63000,00
base-novas50;"Hipótese; não pipeline";2;0;0;0;0;0;0;0;0,00;0,00;0,00;0,00;0,00;0,00;0,00;0,00;0,00;0,00;0,00;0,00;0;0,00;0,00;0,00;0,00;0,00;0,00;0,00;0,0;0,00;0,00;0,00;0,00;0,00;0,00;0,00;0,0;0,00;0,00;0,00;0,00;0,00;0,00;0,00;0,0;0,00;0,00;0,00;0,00;0,00;0,00;0,00;0,0;0,00;0,00;0,00;0,00;0,00;0,00;0,00;0,0;0,0;37000,00;0,00;0,00;0,00;0,00;37000,00;-37000,00;-174000,00;-37000,00;0,00;999;26000,00
base-novas50;"Hipótese; não pipeline";3;50;1;0;0;0;0;2500;1450,00;7250,00;580,00;6670,00;890,33;5779,67;0,00;1000,50;200,10;2500,00;250,00;1829,07;80;30000,00;15000,00;14400,00;4500,00;750,00;1500,00;9600,00;0,0;0,00;0,00;0,00;0,00;0,00;0,00;0,00;0,0;0,00;0,00;0,00;0,00;0,00;0,00;0,00;0,0;0,00;0,00;0,00;0,00;0,00;0,00;0,00;0,0;0,00;0,00;0,00;0,00;0,00;0,00;0,00;80,0;0,5;37000,00;37250,00;36670,00;11429,07;15000,00;60600,60;-45600,60;-219600,60;-25570,93;20779,67;999;-19600,60
base-novas50;"Hipótese; não pipeline";4;150;0;1;0;0;0;7500;4350,00;21750,00;1740,00;20010,00;2670,99;17339,01;5779,67;3001,50;600,30;7500,00;750,00;5487,21;0;0,00;15000,00;0,00;0,00;750,00;0,00;0,00;12,0;4500,00;4500,00;1440,00;675,00;225,00;160,00;2000,00;0,0;0,00;0,00;0,00;0,00;0,00;0,00;0,00;0,0;0,00;0,00;0,00;0,00;0,00;0,00;0,00;0,0;0,00;0,00;0,00;0,00;0,00;0,00;0,00;12,0;0,075;37000,00;26250,00;24510,00;7487,21;25279,67;52101,80;-26822,13;-246422,73;-29512,79;17339,01;999;-46422,73
base-novas50;"Hipótese; não pipeline";5;300;1;1;0;1;1;15000;8700,00;43500,00;3480,00;40020,00;5341,98;34678,02;17339,01;6003,00;1200,60;15000,00;1500,00;10974,42;80;30000,00;15000,00;14400,00;4500,00;750,00;1500,00;9600,00;12,0;4500,00;4500,00;1440,00;675,00;225,00;160,00;2000,00;0,0;0,00;0,00;0,00;0,00;0,00;0,00;0,00;8,0;3500,00;3500,00;960,00;525,00;175,00;210,00;1630,00;20,0;6000,00;6000,00;3600,00;900,00;300,00;200,00;1000,00;120,0;0,75;37000,00;87500,00;84020,00;25204,42;46339,01;89723,60;-43384,59;-289807,32;-11795,58;49678,02;999;-89807,32
base-novas50;"Hipótese; não pipeline";6;500;0;2;0;1;0;25000;14500,00;72500,00;5800,00;66700,00;8903,30;57796,70;34678,02;10005,00;2001,00;25000,00;2500,00;18290,70;0;0,00;15000,00;0,00;0,00;750,00;0,00;0,00;24,0;9000,00;9000,00;2880,00;1350,00;450,00;320,00;4000,00;0,0;0,00;0,00;0,00;0,00;0,00;0,00;0,00;8,0;3500,00;3500,00;960,00;525,00;175,00;210,00;1630,00;0,0;0,00;0,00;0,00;0,00;0,00;0,00;0,00;32,0;0,2;37000,00;85000,00;79200,00;23920,70;62178,02;84126,00;-21947,98;-311755,30;-13079,30;57796,70;999;-111755,30
base-novas50;"Hipótese; não pipeline";7;750;1;2;1;1;0;37500;21750,00;108750,00;8700,00;100050,00;13354,95;86695,05;57796,70;15007,50;3001,50;37500,00;3750,00;27436,05;80;30000,00;15000,00;14400,00;4500,00;750,00;1500,00;9600,00;24,0;9000,00;9000,00;2880,00;1350,00;450,00;320,00;4000,00;40,0;18000,00;9000,00;7200,00;2700,00;900,00;600,00;6600,00;8,0;3500,00;3500,00;960,00;525,00;175,00;210,00;1630,00;0,0;0,00;0,00;0,00;0,00;0,00;0,00;0,00;152,0;0,95;37000,00;169250,00;160550,00;49266,05;94296,70;134179,00;-39882,30;-351637,60;12266,05;110695,05;999;-151637,60
base-novas50;"Hipótese; não pipeline";8;1000;1;3;1;1;0;50000;29000,00;145000,00;11600,00;133400,00;17806,60;115593,40;86695,05;20010,00;4002,00;50000,00;5000,00;36581,40;80;30000,00;30000,00;14400,00;4500,00;1500,00;1500,00;9600,00;36,0;13500,00;13500,00;4320,00;2025,00;675,00;480,00;6000,00;40,0;18000,00;18000,00;7200,00;2700,00;900,00;600,00;6600,00;8,0;3500,00;3500,00;960,00;525,00;175,00;210,00;1630,00;0,0;0,00;0,00;0,00;0,00;0,00;0,00;0,00;164,0;1,025;37000,00;210000,00;198400,00;60411,40;151695,05;157182,00;-5486,95;-357124,55;23411,40;139593,40;999;-157124,55
base-novas50;"Hipótese; não pipeline";9;1250;1;3;1;2;1;62500;36250,00;181250,00;14500,00;166750,00;22258,25;144491,75;115593,40;25012,50;5002,50;62500,00;6250,00;45726,75;80;30000,00;30000,00;14400,00;4500,00;1500,00;1500,00;9600,00;36,0;13500,00;13500,00;4320,00;2025,00;675,00;480,00;6000,00;40,0;18000,00;18000,00;7200,00;2700,00;900,00;600,00;6600,00;16,0;7000,00;7000,00;1920,00;1050,00;350,00;420,00;3260,00;20,0;6000,00;6000,00;3600,00;900,00;300,00;200,00;1000,00;192,0;1,2;37000,00;255750,00;241250,00;72186,75;190093,40;183805,00;6288,40;-350836,15;35186,75;168491,75;999;-150836,15
base-novas50;"Hipótese; não pipeline";10;1500;1;4;1;2;0;75000;43500,00;217500,00;17400,00;200100,00;26709,90;173390,10;144491,75;30015,00;6003,00;75000,00;7500,00;54872,10;80;30000,00;30000,00;14400,00;4500,00;1500,00;1500,00;9600,00;48,0;18000,00;18000,00;5760,00;2700,00;900,00;640,00;8000,00;40,0;18000,00;18000,00;7200,00;2700,00;900,00;600,00;6600,00;16,0;7000,00;7000,00;1920,00;1050,00;350,00;420,00;3260,00;0,0;0,00;0,00;0,00;0,00;0,00;0,00;0,00;184,0;1,15;37000,00;290500,00;273100,00;82332,10;217491,75;201058,00;16433,75;-334402,40;45332,10;197390,10;999;-134402,40
base-novas50;"Hipótese; não pipeline";11;1750;1;4;1;2;0;87500;50750,00;253750,00;20300,00;233450,00;31161,55;202288,45;173390,10;35017,50;7003,50;87500,00;8750,00;64017,45;80;30000,00;30000,00;14400,00;4500,00;1500,00;1500,00;9600,00;48,0;18000,00;18000,00;5760,00;2700,00;900,00;640,00;8000,00;40,0;18000,00;18000,00;7200,00;2700,00;900,00;600,00;6600,00;16,0;7000,00;7000,00;1920,00;1050,00;350,00;420,00;3260,00;0,0;0,00;0,00;0,00;0,00;0,00;0,00;0,00;184,0;1,15;37000,00;326750,00;306450,00;91477,45;246390,10;220811,00;25579,10;-308823,30;54477,45;226288,45;999;-108823,30
base-novas50;"Hipótese; não pipeline";12;2000;1;4;1;2;0;100000;58000,00;290000,00;23200,00;266800,00;35613,20;231186,80;202288,45;40020,00;8004,00;100000,00;10000,00;73162,80;80;30000,00;30000,00;14400,00;4500,00;1500,00;1500,00;9600,00;48,0;18000,00;18000,00;5760,00;2700,00;900,00;640,00;8000,00;40,0;18000,00;18000,00;7200,00;2700,00;900,00;600,00;6600,00;16,0;7000,00;7000,00;1920,00;1050,00;350,00;420,00;3260,00;0,0;0,00;0,00;0,00;0,00;0,00;0,00;0,00;184,0;1,15;37000,00;363000,00;339800,00;100622,80;275288,45;240564,00;34724,45;-274098,85;63622,80;255186,80;999;-74098,85
base-novas50;"Hipótese; não pipeline";13;2200;2;5;1;3;1;110000;63800,00;319000,00;25520,00;293480,00;39174,52;254305,48;231186,80;44022,00;8804,40;110000,00;11000,00;80479,08;160;60000,00;45000,00;28800,00;9000,00;2250,00;3000,00;19200,00;60,0;22500,00;22500,00;7200,00;3375,00;1125,00;800,00;10000,00;40,0;18000,00;18000,00;7200,00;2700,00;900,00;600,00;6600,00;24,0;10500,00;10500,00;2880,00;1575,00;525,00;630,00;4890,00;20,0;6000,00;6000,00;3600,00;900,00;300,00;200,00;1000,00;304,0;1,9;42000,00;436000,00;410480,00;122169,08;333186,80;290386,40;42800,40;-231298,45;80169,08;293305,48;999;-31298,45
base-novas50;"Hipótese; não pipeline";14;2400;2;5;1;3;0;120000;69600,00;348000,00;27840,00;320160,00;42735,84;277424,16;254305,48;48024,00;9604,80;120000,00;12000,00;87795,36;160;60000,00;60000,00;28800,00;9000,00;3000,00;3000,00;19200,00;60,0;22500,00;22500,00;7200,00;3375,00;1125,00;800,00;10000,00;40,0;18000,00;18000,00;7200,00;2700,00;900,00;600,00;6600,00;24,0;10500,00;10500,00;2880,00;1575,00;525,00;630,00;4890,00;0,0;0,00;0,00;0,00;0,00;0,00;0,00;0,00;284,0;1,775;42000,00;459000,00;431160,00;128485,36;365305,48;301938,80;63366,68;-167931,77;86485,36;316424,16;999;32068,23
base-novas50;"Hipótese; não pipeline";15;2600;2;5;1;3;0;130000;75400,00;377000,00;30160,00;346840,00;46297,16;300542,84;277424,16;52026,00;10405,20;130000,00;13000,00;95111,64;160;60000,00;60000,00;28800,00;9000,00;3000,00;3000,00;19200,00;60,0;22500,00;22500,00;7200,00;3375,00;1125,00;800,00;10000,00;40,0;18000,00;18000,00;7200,00;2700,00;900,00;600,00;6600,00;24,0;10500,00;10500,00;2880,00;1575,00;525,00;630,00;4890,00;0,0;0,00;0,00;0,00;0,00;0,00;0,00;0,00;284,0;1,775;42000,00;488000,00;457840,00;135801,64;388424,16;317741,20;70682,96;-97248,81;93801,64;339542,84;999;102751,19
base-novas50;"Hipótese; não pipeline";16;2800;2;5;1;3;0;140000;81200,00;406000,00;32480,00;373520,00;49858,48;323661,52;300542,84;56028,00;11205,60;140000,00;14000,00;102427,92;160;60000,00;60000,00;28800,00;9000,00;3000,00;3000,00;19200,00;60,0;22500,00;22500,00;7200,00;3375,00;1125,00;800,00;10000,00;40,0;18000,00;18000,00;7200,00;2700,00;900,00;600,00;6600,00;24,0;10500,00;10500,00;2880,00;1575,00;525,00;630,00;4890,00;0,0;0,00;0,00;0,00;0,00;0,00;0,00;0,00;284,0;1,775;42000,00;517000,00;484520,00;143117,92;411542,84;333543,60;77999,24;-19249,57;101117,92;362661,52;999;180750,43
base-novas50;"Hipótese; não pipeline";17;3000;2;5;1;3;0;150000;87000,00;435000,00;34800,00;400200,00;53419,80;346780,20;323661,52;60030,00;12006,00;150000,00;15000,00;109744,20;160;60000,00;60000,00;28800,00;9000,00;3000,00;3000,00;19200,00;60,0;22500,00;22500,00;7200,00;3375,00;1125,00;800,00;10000,00;40,0;18000,00;18000,00;7200,00;2700,00;900,00;600,00;6600,00;24,0;10500,00;10500,00;2880,00;1575,00;525,00;630,00;4890,00;0,0;0,00;0,00;0,00;0,00;0,00;0,00;0,00;284,0;1,775;42000,00;546000,00;511200,00;150434,20;434661,52;349346,00;85315,52;66065,95;108434,20;385780,20;17;266065,95
base-novas50;"Hipótese; não pipeline";18;3000;2;5;1;3;0;150000;87000,00;435000,00;34800,00;400200,00;53419,80;346780,20;346780,20;60030,00;12006,00;150000,00;15000,00;109744,20;160;60000,00;60000,00;28800,00;9000,00;3000,00;3000,00;19200,00;60,0;22500,00;22500,00;7200,00;3375,00;1125,00;800,00;10000,00;40,0;18000,00;18000,00;7200,00;2700,00;900,00;600,00;6600,00;24,0;10500,00;10500,00;2880,00;1575,00;525,00;630,00;4890,00;0,0;0,00;0,00;0,00;0,00;0,00;0,00;0,00;284,0;1,775;42000,00;546000,00;511200,00;150434,20;457780,20;349346,00;108434,20;174500,15;108434,20;385780,20;18;374500,15
base-novas50;"Hipótese; não pipeline";19;3000;2;5;1;3;0;150000;87000,00;435000,00;34800,00;400200,00;53419,80;346780,20;346780,20;60030,00;12006,00;150000,00;15000,00;109744,20;160;60000,00;60000,00;28800,00;9000,00;3000,00;3000,00;19200,00;60,0;22500,00;22500,00;7200,00;3375,00;1125,00;800,00;10000,00;40,0;18000,00;18000,00;7200,00;2700,00;900,00;600,00;6600,00;24,0;10500,00;10500,00;2880,00;1575,00;525,00;630,00;4890,00;0,0;0,00;0,00;0,00;0,00;0,00;0,00;0,00;284,0;1,775;42000,00;546000,00;511200,00;150434,20;457780,20;349346,00;108434,20;282934,35;108434,20;385780,20;19;482934,35
base-novas50;"Hipótese; não pipeline";20;3000;2;5;1;3;0;150000;87000,00;435000,00;34800,00;400200,00;53419,80;346780,20;346780,20;60030,00;12006,00;150000,00;15000,00;109744,20;160;60000,00;60000,00;28800,00;9000,00;3000,00;3000,00;19200,00;60,0;22500,00;22500,00;7200,00;3375,00;1125,00;800,00;10000,00;40,0;18000,00;18000,00;7200,00;2700,00;900,00;600,00;6600,00;24,0;10500,00;10500,00;2880,00;1575,00;525,00;630,00;4890,00;0,0;0,00;0,00;0,00;0,00;0,00;0,00;0,00;284,0;1,775;42000,00;546000,00;511200,00;150434,20;457780,20;349346,00;108434,20;391368,55;108434,20;385780,20;20;591368,55
base-novas50;"Hipótese; não pipeline";21;3000;2;5;1;3;0;150000;87000,00;435000,00;34800,00;400200,00;53419,80;346780,20;346780,20;60030,00;12006,00;150000,00;15000,00;109744,20;160;60000,00;60000,00;28800,00;9000,00;3000,00;3000,00;19200,00;60,0;22500,00;22500,00;7200,00;3375,00;1125,00;800,00;10000,00;40,0;18000,00;18000,00;7200,00;2700,00;900,00;600,00;6600,00;24,0;10500,00;10500,00;2880,00;1575,00;525,00;630,00;4890,00;0,0;0,00;0,00;0,00;0,00;0,00;0,00;0,00;284,0;1,775;42000,00;546000,00;511200,00;150434,20;457780,20;349346,00;108434,20;499802,75;108434,20;385780,20;21;699802,75
base-novas50;"Hipótese; não pipeline";22;3000;2;5;1;3;0;150000;87000,00;435000,00;34800,00;400200,00;53419,80;346780,20;346780,20;60030,00;12006,00;150000,00;15000,00;109744,20;160;60000,00;60000,00;28800,00;9000,00;3000,00;3000,00;19200,00;60,0;22500,00;22500,00;7200,00;3375,00;1125,00;800,00;10000,00;40,0;18000,00;18000,00;7200,00;2700,00;900,00;600,00;6600,00;24,0;10500,00;10500,00;2880,00;1575,00;525,00;630,00;4890,00;0,0;0,00;0,00;0,00;0,00;0,00;0,00;0,00;284,0;1,775;42000,00;546000,00;511200,00;150434,20;457780,20;349346,00;108434,20;608236,95;108434,20;385780,20;22;808236,95
base-novas50;"Hipótese; não pipeline";23;3000;2;5;1;3;0;150000;87000,00;435000,00;34800,00;400200,00;53419,80;346780,20;346780,20;60030,00;12006,00;150000,00;15000,00;109744,20;160;60000,00;60000,00;28800,00;9000,00;3000,00;3000,00;19200,00;60,0;22500,00;22500,00;7200,00;3375,00;1125,00;800,00;10000,00;40,0;18000,00;18000,00;7200,00;2700,00;900,00;600,00;6600,00;24,0;10500,00;10500,00;2880,00;1575,00;525,00;630,00;4890,00;0,0;0,00;0,00;0,00;0,00;0,00;0,00;0,00;284,0;1,775;42000,00;546000,00;511200,00;150434,20;457780,20;349346,00;108434,20;716671,15;108434,20;385780,20;23;916671,15
base-novas50;"Hipótese; não pipeline";24;3000;2;5;1;3;0;150000;87000,00;435000,00;34800,00;400200,00;53419,80;346780,20;346780,20;60030,00;12006,00;150000,00;15000,00;109744,20;160;60000,00;60000,00;28800,00;9000,00;3000,00;3000,00;19200,00;60,0;22500,00;22500,00;7200,00;3375,00;1125,00;800,00;10000,00;40,0;18000,00;18000,00;7200,00;2700,00;900,00;600,00;6600,00;24,0;10500,00;10500,00;2880,00;1575,00;525,00;630,00;4890,00;0,0;0,00;0,00;0,00;0,00;0,00;0,00;0,00;284,0;1,775;42000,00;546000,00;511200,00;150434,20;457780,20;349346,00;108434,20;825105,35;108434,20;385780,20;24;1025105,35
